Year,Status,Rate,Bracket_Gt
2025,HOH,0.1,0
2025,HOH,0.12,17000
2025,HOH,0.22,64850
2025,HOH,0.24,103350
2025,HOH,0.32,197300
2025,HOH,0.35,250500
2025,HOH,0.37,626350
2025,MFJ,0.1,0
2025,MFJ,0.12,23850
2025,MFJ,0.22,96950
2025,MFJ,0.24,206700
2025,MFJ,0.32,394600
2025,MFJ,0.35,501050
2025,MFJ,0.37,751600
2025,MFS,0.1,0
2025,MFS,0.12,11925
2025,MFS,0.22,48475
2025,MFS,0.24,103350
2025,MFS,0.32,197300
2025,MFS,0.35,250525
2025,MFS,0.37,375800
2025,S,0.1,0
2025,S,0.12,11925
2025,S,0.22,48475
2025,S,0.24,103350
2025,S,0.32,197300
2025,S,0.35,250525
2025,S,0.37,626350
2024,HOH,0.1,0
2024,HOH,0.12,16550
2024,HOH,0.22,63100
2024,HOH,0.24,100500
2024,HOH,0.32,191950
2024,HOH,0.35,243700
2024,HOH,0.37,609350
2024,MFJ,0.1,0
2024,MFJ,0.12,23200
2024,MFJ,0.22,94300
2024,MFJ,0.24,201050
2024,MFJ,0.32,383900
2024,MFJ,0.35,487450
2024,MFJ,0.37,731200
2024,MFS,0.1,0
2024,MFS,0.12,11600
2024,MFS,0.22,47150
2024,MFS,0.24,100525
2024,MFS,0.32,191950
2024,MFS,0.35,243725
2024,MFS,0.37,365600
2024,S,0.1,0
2024,S,0.12,11600
2024,S,0.22,47150
2024,S,0.24,100525
2024,S,0.32,191950
2024,S,0.35,243725
2024,S,0.37,609350
2023,HOH,0.1,0
2023,HOH,0.12,15700
2023,HOH,0.22,59850
2023,HOH,0.24,95350
2023,HOH,0.32,182100
2023,HOH,0.35,231250
2023,HOH,0.37,578100
2023,MFJ,0.1,0
2023,MFJ,0.12,22000
2023,MFJ,0.22,89450
2023,MFJ,0.24,190750
2023,MFJ,0.32,364200
2023,MFJ,0.35,462500
2023,MFJ,0.37,693750
2023,MFS,0.1,0
2023,MFS,0.12,11000
2023,MFS,0.22,44725
2023,MFS,0.24,95375
2023,MFS,0.32,182100
2023,MFS,0.35,231250
2023,MFS,0.37,346875
2023,S,0.1,0
2023,S,0.12,11000
2023,S,0.22,44725
2023,S,0.24,95375
2023,S,0.32,182000
2023,S,0.35,231250
2023,S,0.37,578125
2022,HOH,0.1,0
2022,HOH,0.12,14650
2022,HOH,0.22,55900
2022,HOH,0.24,89050
2022,HOH,0.32,170050
2022,HOH,0.35,215950
2022,HOH,0.37,539900
2022,MFJ,0.1,0
2022,MFJ,0.12,20550
2022,MFJ,0.22,83550
2022,MFJ,0.24,178150
2022,MFJ,0.32,340100
2022,MFJ,0.35,431900
2022,MFJ,0.37,647850
2022,MFS,0.1,0
2022,MFS,0.12,10275
2022,MFS,0.22,41775
2022,MFS,0.24,89075
2022,MFS,0.32,170050
2022,MFS,0.35,215950
2022,MFS,0.37,323925
2022,S,0.1,0
2022,S,0.12,10275
2022,S,0.22,41775
2022,S,0.24,89075
2022,S,0.32,170050
2022,S,0.35,215950
2022,S,0.37,539900
2021,HOH,0.1,0
2021,HOH,0.12,14200
2021,HOH,0.22,54200
2021,HOH,0.24,86350
2021,HOH,0.32,164900
2021,HOH,0.35,209400
2021,HOH,0.37,523600
2021,MFJ,0.1,0
2021,MFJ,0.12,19900
2021,MFJ,0.22,81050
2021,MFJ,0.24,172750
2021,MFJ,0.32,329850
2021,MFJ,0.35,418850
2021,MFJ,0.37,628301
2021,MFS,0.1,0
2021,MFS,0.12,9950
2021,MFS,0.22,40525
2021,MFS,0.24,86375
2021,MFS,0.32,164925
2021,MFS,0.35,209425
2021,MFS,0.37,314150
2021,S,0.1,0
2021,S,0.12,9950
2021,S,0.22,40525
2021,S,0.24,86375
2021,S,0.32,164925
2021,S,0.35,209425
2021,S,0.37,523600
2020,HOH,0.1,0
2020,HOH,0.12,14100
2020,HOH,0.22,53700
2020,HOH,0.24,85500
2020,HOH,0.32,163300
2020,HOH,0.35,207350
2020,HOH,0.37,518400
2020,MFJ,0.1,0
2020,MFJ,0.12,19750
2020,MFJ,0.22,80250
2020,MFJ,0.24,171050
2020,MFJ,0.32,326600
2020,MFJ,0.35,414700
2020,MFJ,0.37,622050
2020,MFS,0.1,0
2020,MFS,0.12,9875
2020,MFS,0.22,40125
2020,MFS,0.24,85525
2020,MFS,0.32,163300
2020,MFS,0.35,207350
2020,MFS,0.37,311025
2020,S,0.1,0
2020,S,0.12,9875
2020,S,0.22,40125
2020,S,0.24,85525
2020,S,0.32,163300
2020,S,0.35,207350
2020,S,0.37,518400
2019,HOH,0.1,0
2019,HOH,0.12,13850
2019,HOH,0.22,52850
2019,HOH,0.24,84200
2019,HOH,0.32,160700
2019,HOH,0.35,204100
2019,HOH,0.37,510300
2019,MFJ,0.1,0
2019,MFJ,0.12,19400
2019,MFJ,0.22,78950
2019,MFJ,0.24,168400
2019,MFJ,0.32,321450
2019,MFJ,0.35,408200
2019,MFJ,0.37,612350
2019,MFS,0.1,0
2019,MFS,0.12,9700
2019,MFS,0.22,39475
2019,MFS,0.24,84200
2019,MFS,0.32,160725
2019,MFS,0.35,204100
2019,MFS,0.37,306175
2019,S,0.1,0
2019,S,0.12,9700
2019,S,0.22,39475
2019,S,0.24,84200
2019,S,0.32,160725
2019,S,0.35,204100
2019,S,0.37,510300
2018,HOH,0.1,0
2018,HOH,0.12,13600
2018,HOH,0.22,51800
2018,HOH,0.24,82500
2018,HOH,0.32,157500
2018,HOH,0.35,200000
2018,HOH,0.37,500000
2018,MFJ,0.1,0
2018,MFJ,0.12,19050
2018,MFJ,0.22,77400
2018,MFJ,0.24,165000
2018,MFJ,0.32,315000
2018,MFJ,0.35,400000
2018,MFJ,0.37,600000
2018,MFS,0.1,0
2018,MFS,0.12,9525
2018,MFS,0.22,38700
2018,MFS,0.24,82500
2018,MFS,0.32,157500
2018,MFS,0.35,200000
2018,MFS,0.37,300000
2018,S,0.1,0
2018,S,0.12,9525
2018,S,0.22,38700
2018,S,0.24,82500
2018,S,0.32,157500
2018,S,0.35,200000
2018,S,0.37,500000
2017,HOH,0.1,0
2017,HOH,0.15,13350
2017,HOH,0.25,50800
2017,HOH,0.28,131200
2017,HOH,0.33,212500
2017,HOH,0.35,416700
2017,HOH,0.396,444550
2017,MFJ,0.1,0
2017,MFJ,0.15,18650
2017,MFJ,0.25,75900
2017,MFJ,0.28,153100
2017,MFJ,0.33,233350
2017,MFJ,0.35,416700
2017,MFJ,0.396,470700
2017,MFS,0.1,0
2017,MFS,0.15,9235
2017,MFS,0.25,37950
2017,MFS,0.28,76550
2017,MFS,0.33,116675
2017,MFS,0.35,208350
2017,MFS,0.396,235350
2017,S,0.1,0
2017,S,0.15,9325
2017,S,0.25,37950
2017,S,0.28,91900
2017,S,0.33,191650
2017,S,0.35,416700
2017,S,0.396,418400
2016,HOH,0.1,0
2016,HOH,0.15,13250
2016,HOH,0.25,50400
2016,HOH,0.28,130150
2016,HOH,0.33,210800
2016,HOH,0.35,413350
2016,HOH,0.396,441000
2016,MFJ,0.1,0
2016,MFJ,0.15,18550
2016,MFJ,0.25,75300
2016,MFJ,0.28,151900
2016,MFJ,0.33,231450
2016,MFJ,0.35,413350
2016,MFJ,0.396,466950
2016,MFS,0.1,0
2016,MFS,0.15,9275
2016,MFS,0.25,37650
2016,MFS,0.28,75950
2016,MFS,0.33,115725
2016,MFS,0.35,206675
2016,MFS,0.396,233475
2016,S,0.1,0
2016,S,0.15,9275
2016,S,0.25,37650
2016,S,0.28,91150
2016,S,0.33,190150
2016,S,0.35,413450
2016,S,0.396,415050
2015,HOH,0.1,0
2015,HOH,0.15,13151
2015,HOH,0.25,50201
2015,HOH,0.28,129601
2015,HOH,0.33,209851
2015,HOH,0.35,411501
2015,HOH,0.396,439001
2015,MFJ,0.1,0
2015,MFJ,0.15,18451
2015,MFJ,0.25,74901
2015,MFJ,0.28,151201
2015,MFJ,0.33,230451
2015,MFJ,0.35,411501
2015,MFJ,0.396,464851
2015,MFS,0.1,0
2015,MFS,0.15,9226
2015,MFS,0.25,37451
2015,MFS,0.28,75601
2015,MFS,0.33,115226
2015,MFS,0.35,205751
2015,MFS,0.396,232426
2015,S,0.1,0
2015,S,0.15,9226
2015,S,0.25,37451
2015,S,0.28,90751
2015,S,0.33,189301
2015,S,0.35,411501
2015,S,0.396,413201
2014,HOH,0.1,0
2014,HOH,0.15,12951
2014,HOH,0.25,49401
2014,HOH,0.28,127551
2014,HOH,0.33,206601
2014,HOH,0.35,405101
2014,HOH,0.396,432201
2014,MFJ,0.1,0
2014,MFJ,0.15,18151
2014,MFJ,0.25,73801
2014,MFJ,0.28,148851
2014,MFJ,0.33,226851
2014,MFJ,0.35,405101
2014,MFJ,0.396,457601
2014,MFS,0.1,0
2014,MFS,0.15,9076
2014,MFS,0.25,36901
2014,MFS,0.28,74426
2014,MFS,0.33,113426
2014,MFS,0.35,202551
2014,MFS,0.396,228801
2014,S,0.1,0
2014,S,0.15,9076
2014,S,0.25,36901
2014,S,0.28,89351
2014,S,0.33,186351
2014,S,0.35,405101
2014,S,0.396,406751
2013,HOH,0.1,0
2013,HOH,0.15,12750
2013,HOH,0.25,48600
2013,HOH,0.28,125450
2013,HOH,0.33,203150
2013,HOH,0.35,398350
2013,HOH,0.396,425000
2013,MFJ,0.1,0
2013,MFJ,0.15,17850
2013,MFJ,0.25,72500
2013,MFJ,0.28,146400
2013,MFJ,0.33,223050
2013,MFJ,0.35,398350
2013,MFJ,0.396,450000
2013,MFS,0.1,0
2013,MFS,0.15,8925
2013,MFS,0.25,36250
2013,MFS,0.28,73200
2013,MFS,0.33,111525
2013,MFS,0.35,199175
2013,MFS,0.396,225000
2013,S,0.1,0
2013,S,0.15,8925
2013,S,0.25,36250
2013,S,0.28,87850
2013,S,0.33,183250
2013,S,0.35,398350
2013,S,0.396,400000
2012,HOH,0.1,0
2012,HOH,0.15,12400
2012,HOH,0.25,47350
2012,HOH,0.28,122300
2012,HOH,0.33,198050
2012,HOH,0.35,388350
2012,MFJ,0.1,0
2012,MFJ,0.15,17400
2012,MFJ,0.25,70700
2012,MFJ,0.28,142700
2012,MFJ,0.33,217450
2012,MFJ,0.35,388350
2012,MFS,0.1,0
2012,MFS,0.15,8700
2012,MFS,0.25,35350
2012,MFS,0.28,71350
2012,MFS,0.33,108725
2012,MFS,0.35,194175
2012,S,0.1,0
2012,S,0.15,8700
2012,S,0.25,35350
2012,S,0.28,85650
2012,S,0.33,178650
2012,S,0.35,388350
2011,HOH,0.1,0
2011,HOH,0.15,12150
2011,HOH,0.25,46250
2011,HOH,0.28,119400
2011,HOH,0.33,193350
2011,HOH,0.35,379150
2011,MFJ,0.1,0
2011,MFJ,0.15,17000
2011,MFJ,0.25,69000
2011,MFJ,0.28,139350
2011,MFJ,0.33,212300
2011,MFJ,0.35,379150
2011,MFS,0.1,0
2011,MFS,0.15,8500
2011,MFS,0.25,34500
2011,MFS,0.28,69675
2011,MFS,0.33,106150
2011,MFS,0.35,189575
2011,S,0.1,0
2011,S,0.15,8500
2011,S,0.25,34500
2011,S,0.28,83600
2011,S,0.33,174400
2011,S,0.35,379150
2010,HOH,0.1,0
2010,HOH,0.15,11950
2010,HOH,0.25,45550
2010,HOH,0.28,117650
2010,HOH,0.33,190550
2010,HOH,0.35,373650
2010,MFJ,0.1,0
2010,MFJ,0.15,16750
2010,MFJ,0.25,68000
2010,MFJ,0.28,137300
2010,MFJ,0.33,209250
2010,MFJ,0.35,373650
2010,MFS,0.1,0
2010,MFS,0.15,8375
2010,MFS,0.25,34000
2010,MFS,0.28,68650
2010,MFS,0.33,104625
2010,MFS,0.35,186825
2010,S,0.1,0
2010,S,0.15,8375
2010,S,0.25,34000
2010,S,0.28,82400
2010,S,0.33,171850
2010,S,0.35,373650
2009,HOH,0.1,0
2009,HOH,0.15,11950
2009,HOH,0.25,45500
2009,HOH,0.28,117450
2009,HOH,0.33,190200
2009,HOH,0.35,372950
2009,MFJ,0.1,0
2009,MFJ,0.15,16700
2009,MFJ,0.25,67900
2009,MFJ,0.28,137050
2009,MFJ,0.33,208850
2009,MFJ,0.35,372950
2009,MFS,0.1,0
2009,MFS,0.15,8350
2009,MFS,0.25,33950
2009,MFS,0.28,68525
2009,MFS,0.33,104425
2009,MFS,0.35,186475
2009,S,0.1,0
2009,S,0.15,8350
2009,S,0.25,33950
2009,S,0.28,82250
2009,S,0.33,171550
2009,S,0.35,372950
2008,HOH,0.1,0
2008,HOH,0.15,11450
2008,HOH,0.25,43650
2008,HOH,0.28,112650
2008,HOH,0.33,182400
2008,HOH,0.35,357700
2008,MFJ,0.1,0
2008,MFJ,0.15,16050
2008,MFJ,0.25,65100
2008,MFJ,0.28,131450
2008,MFJ,0.33,200300
2008,MFJ,0.35,357700
2008,MFS,0.1,0
2008,MFS,0.15,8025
2008,MFS,0.25,32550
2008,MFS,0.28,65725
2008,MFS,0.33,100150
2008,MFS,0.35,178850
2008,S,0.1,0
2008,S,0.15,8025
2008,S,0.25,32550
2008,S,0.28,78850
2008,S,0.33,164550
2008,S,0.35,357700
2007,HOH,0.1,0
2007,HOH,0.15,11200
2007,HOH,0.25,42650
2007,HOH,0.28,110100
2007,HOH,0.33,178350
2007,HOH,0.35,349700
2007,MFJ,0.1,0
2007,MFJ,0.15,15650
2007,MFJ,0.25,63700
2007,MFJ,0.28,128500
2007,MFJ,0.33,195850
2007,MFJ,0.35,349700
2007,MFS,0.1,0
2007,MFS,0.15,7825
2007,MFS,0.25,31850
2007,MFS,0.28,64250
2007,MFS,0.33,97925
2007,MFS,0.35,174850
2007,S,0.1,0
2007,S,0.15,7825
2007,S,0.25,31850
2007,S,0.28,77100
2007,S,0.33,160850
2007,S,0.35,349700
2006,HOH,0.1,0
2006,HOH,0.15,10750
2006,HOH,0.25,41050
2006,HOH,0.28,106000
2006,HOH,0.33,171650
2006,HOH,0.35,336550
2006,MFJ,0.1,0
2006,MFJ,0.15,15100
2006,MFJ,0.25,61300
2006,MFJ,0.28,123700
2006,MFJ,0.33,188450
2006,MFJ,0.35,336550
2006,MFS,0.1,0
2006,MFS,0.15,7550
2006,MFS,0.25,30650
2006,MFS,0.28,61850
2006,MFS,0.33,94225
2006,MFS,0.35,168275
2006,S,0.1,0
2006,S,0.15,7550
2006,S,0.25,30650
2006,S,0.28,74200
2006,S,0.33,154800
2006,S,0.35,336550
2005,HOH,0.1,0
2005,HOH,0.15,10450
2005,HOH,0.25,39800
2005,HOH,0.28,102800
2005,HOH,0.33,166450
2005,HOH,0.35,326450
2005,MFJ,0.1,0
2005,MFJ,0.15,14600
2005,MFJ,0.25,59400
2005,MFJ,0.28,119950
2005,MFJ,0.33,182800
2005,MFJ,0.35,326450
2005,MFS,0.1,0
2005,MFS,0.15,7300
2005,MFS,0.25,29700
2005,MFS,0.28,59975
2005,MFS,0.33,91400
2005,MFS,0.35,163225
2005,S,0.1,0
2005,S,0.15,7300
2005,S,0.25,29700
2005,S,0.28,71950
2005,S,0.33,150150
2005,S,0.35,326450
2004,HOH,0.1,0
2004,HOH,0.15,10200
2004,HOH,0.25,38900
2004,HOH,0.28,100500
2004,HOH,0.33,162700
2004,HOH,0.35,319500
2004,MFJ,0.1,0
2004,MFJ,0.15,14300
2004,MFJ,0.25,58100
2004,MFJ,0.28,117250
2004,MFJ,0.33,178650
2004,MFJ,0.35,319100
2004,MFS,0.1,0
2004,MFS,0.15,7150
2004,MFS,0.25,29050
2004,MFS,0.28,58625
2004,MFS,0.33,89325
2004,MFS,0.35,159550
2004,S,0.1,0
2004,S,0.15,7150
2004,S,0.25,29050
2004,S,0.28,70350
2004,S,0.33,146750
2004,S,0.35,319100
2003,HOH,0.1,0
2003,HOH,0.15,10000
2003,HOH,0.25,38050
2003,HOH,0.28,98250
2003,HOH,0.33,159100
2003,HOH,0.35,311950
2003,MFJ,0.1,0
2003,MFJ,0.15,14000
2003,MFJ,0.25,56800
2003,MFJ,0.28,114650
2003,MFJ,0.33,174700
2003,MFJ,0.35,311950
2003,MFS,0.1,0
2003,MFS,0.15,7000
2003,MFS,0.25,23725
2003,MFS,0.28,57325
2003,MFS,0.33,87350
2003,MFS,0.35,155975
2003,S,0.1,0
2003,S,0.15,7000
2003,S,0.25,28400
2003,S,0.28,68800
2003,S,0.33,143500
2003,S,0.35,311950
2002,HOH,0.1,0
2002,HOH,0.15,10000
2002,HOH,0.27,37450
2002,HOH,0.3,96700
2002,HOH,0.35,156600
2002,HOH,0.386,307050
2002,MFJ,0.1,0
2002,MFJ,0.15,12000
2002,MFJ,0.27,46700
2002,MFJ,0.3,112850
2002,MFJ,0.35,171950
2002,MFJ,0.386,307050
2002,MFS,0.1,0
2002,MFS,0.15,6000
2002,MFS,0.27,23350
2002,MFS,0.3,56425
2002,MFS,0.35,85975
2002,MFS,0.386,153525
2002,S,0.1,0
2002,S,0.15,6000
2002,S,0.27,27950
2002,S,0.3,67700
2002,S,0.35,141250
2002,S,0.386,307050
2001,HOH,0.15,0
2001,HOH,0.275,36250
2001,HOH,0.305,93650
2001,HOH,0.355,151650
2001,HOH,0.391,297350
2001,MFJ,0.15,0
2001,MFJ,0.275,45200
2001,MFJ,0.305,109250
2001,MFJ,0.355,166500
2001,MFJ,0.391,297350
2001,MFS,0.15,0
2001,MFS,0.275,22600
2001,MFS,0.305,54625
2001,MFS,0.355,83250
2001,MFS,0.391,148675
2001,S,0.15,0
2001,S,0.275,27050
2001,S,0.305,65550
2001,S,0.355,136750
2001,S,0.391,297350
2000,HOH,0.15,0
2000,HOH,0.28,35150
2000,HOH,0.31,90800
2000,HOH,0.36,147050
2000,HOH,0.396,288350
2000,MFJ,0.15,0
2000,MFJ,0.28,43850
2000,MFJ,0.31,105950
2000,MFJ,0.36,161450
2000,MFJ,0.396,288350
2000,MFS,0.15,0
2000,MFS,0.28,21925
2000,MFS,0.31,52975
2000,MFS,0.36,80725
2000,MFS,0.396,144175
2000,S,0.15,0
2000,S,0.28,26250
2000,S,0.31,63550
2000,S,0.36,132600
2000,S,0.396,288350
1999,HOH,0.15,0
1999,HOH,0.28,34550
1999,HOH,0.31,89150
1999,HOH,0.36,144400
1999,HOH,0.396,283150
1999,MFJ,0.15,0
1999,MFJ,0.28,43050
1999,MFJ,0.31,104050
1999,MFJ,0.36,158550
1999,MFJ,0.396,283150
1999,MFS,0.15,0
1999,MFS,0.28,21525
1999,MFS,0.31,52025
1999,MFS,0.36,79275
1999,MFS,0.396,141575
1999,S,0.15,0
1999,S,0.28,25750
1999,S,0.31,62450
1999,S,0.36,130250
1999,S,0.396,283150
1998,HOH,0.15,0
1998,HOH,0.28,33950
1998,HOH,0.31,87700
1998,HOH,0.36,142000
1998,HOH,0.396,278450
1998,MFJ,0.15,0
1998,MFJ,0.28,42350
1998,MFJ,0.31,102300
1998,MFJ,0.36,155950
1998,MFJ,0.396,278450
1998,MFS,0.15,0
1998,MFS,0.28,21175
1998,MFS,0.31,51150
1998,MFS,0.36,77975
1998,MFS,0.396,139225
1998,S,0.15,0
1998,S,0.28,25350
1998,S,0.31,61400
1998,S,0.36,128100
1998,S,0.396,278450
1997,HOH,0.15,0
1997,HOH,0.28,33050
1997,HOH,0.31,85350
1997,HOH,0.36,138200
1997,HOH,0.396,271050
1997,MFJ,0.15,0
1997,MFJ,0.28,41200
1997,MFJ,0.31,99600
1997,MFJ,0.36,151750
1997,MFJ,0.396,271050
1997,MFS,0.15,0
1997,MFS,0.28,20600
1997,MFS,0.31,49800
1997,MFS,0.36,75875
1997,MFS,0.396,135525
1997,S,0.15,0
1997,S,0.28,24650
1997,S,0.31,59750
1997,S,0.36,124650
1997,S,0.396,271050
1996,HOH,0.15,0
1996,HOH,0.28,32150
1996,HOH,0.31,83050
1996,HOH,0.36,134500
1996,HOH,0.396,263750
1996,MFJ,0.15,0
1996,MFJ,0.28,40100
1996,MFJ,0.31,96900
1996,MFJ,0.36,147700
1996,MFJ,0.396,263750
1996,MFS,0.15,0
1996,MFS,0.28,20050
1996,MFS,0.31,48450
1996,MFS,0.36,73850
1996,MFS,0.396,131875
1996,S,0.15,0
1996,S,0.28,24000
1996,S,0.31,58150
1996,S,0.36,121300
1996,S,0.396,263750
1995,HOH,0.15,0
1995,HOH,0.28,31250
1995,HOH,0.31,80750
1995,HOH,0.36,130800
1995,HOH,0.396,256500
1995,MFJ,0.15,0
1995,MFJ,0.28,39000
1995,MFJ,0.31,94250
1995,MFJ,0.36,143600
1995,MFJ,0.396,256500
1995,MFS,0.15,0
1995,MFS,0.28,19500
1995,MFS,0.31,47125
1995,MFS,0.36,71800
1995,MFS,0.396,128250
1995,S,0.15,0
1995,S,0.28,23350
1995,S,0.31,56550
1995,S,0.36,117950
1995,S,0.396,256500
1994,HOH,0.15,0
1994,HOH,0.28,30500
1994,HOH,0.31,78700
1994,HOH,0.36,127500
1994,HOH,0.396,250000
1994,MFJ,0.15,0
1994,MFJ,0.28,38000
1994,MFJ,0.31,91850
1994,MFJ,0.36,140000
1994,MFJ,0.396,250000
1994,MFS,0.15,0
1994,MFS,0.28,19000
1994,MFS,0.31,45925
1994,MFS,0.36,70000
1994,MFS,0.396,125000
1994,S,0.15,0
1994,S,0.28,22750
1994,S,0.31,55100
1994,S,0.36,115000
1994,S,0.396,250000
1993,HOH,0.15,0
1993,HOH,0.28,29600
1993,HOH,0.31,76400
1993,HOH,0.36,127500
1993,HOH,0.396,250000
1993,MFJ,0.15,0
1993,MFJ,0.28,36900
1993,MFJ,0.31,89150
1993,MFJ,0.36,140000
1993,MFJ,0.396,250000
1993,MFS,0.15,0
1993,MFS,0.28,18450
1993,MFS,0.31,44575
1993,MFS,0.36,70000
1993,MFS,0.396,125000
1993,S,0.15,0
1993,S,0.28,22100
1993,S,0.31,53500
1993,S,0.36,115000
1993,S,0.396,250000
1992,HOH,0.15,0
1992,HOH,0.28,28750
1992,HOH,0.31,74150
1992,MFJ,0.15,0
1992,MFJ,0.28,35800
1992,MFJ,0.31,86500
1992,MFS,0.15,0
1992,MFS,0.28,17900
1992,MFS,0.31,43250
1992,S,0.15,0
1992,S,0.28,21450
1992,S,0.31,51900
1991,HOH,0.15,0
1991,HOH,0.28,27300
1991,HOH,0.31,70450
1991,MFJ,0.15,0
1991,MFJ,0.28,34000
1991,MFJ,0.31,82150
1991,MFS,0.15,0
1991,MFS,0.28,17000
1991,MFS,0.31,41075
1991,S,0.15,0
1991,S,0.28,20350
1991,S,0.31,49300
1990,HOH,0.15,0
1990,HOH,0.28,26050
1990,MFJ,0.15,0
1990,MFJ,0.28,32450
1990,MFS,0.15,0
1990,MFS,0.28,16225
1990,S,0.15,0
1990,S,0.28,19450
1989,HOH,0.15,0
1989,HOH,0.28,24850
1989,MFJ,0.15,0
1989,MFJ,0.28,30950
1989,MFS,0.15,0
1989,MFS,0.28,15475
1989,S,0.15,0
1989,S,0.28,18550
1988,HOH,0.15,0
1988,HOH,0.28,23900
1988,MFJ,0.15,0
1988,MFJ,0.28,29750
1988,MFS,0.15,0
1988,MFS,0.28,14875
1988,S,0.15,0
1988,S,0.28,17850
1987,HOH,0.11,0
1987,HOH,0.15,2500
1987,HOH,0.28,23000
1987,HOH,0.35,38000
1987,HOH,0.385,80000
1987,MFJ,0.11,0
1987,MFJ,0.15,3000
1987,MFJ,0.28,28000
1987,MFJ,0.35,45000
1987,MFJ,0.385,90000
1987,MFS,0.11,0
1987,MFS,0.15,1500
1987,MFS,0.28,14000
1987,MFS,0.35,22500
1987,MFS,0.385,45000
1987,S,0.11,0
1987,S,0.15,1800
1987,S,0.28,16800
1987,S,0.35,27000
1987,S,0.385,54000
1986,HOH,0,0
1986,HOH,0.11,2480
1986,HOH,0.12,4750
1986,HOH,0.14,7010
1986,HOH,0.17,9390
1986,HOH,0.18,12730
1986,HOH,0.2,16190
1986,HOH,0.24,19640
1986,HOH,0.28,25360
1986,HOH,0.32,31080
1986,HOH,0.35,36800
1986,HOH,0.42,48240
1986,HOH,0.45,65390
1986,HOH,0.48,88270
1986,HOH,0.5,116870
1986,MFJ,0,0
1986,MFJ,0.11,3670
1986,MFJ,0.12,5940
1986,MFJ,0.14,8200
1986,MFJ,0.16,12840
1986,MFJ,0.18,17270
1986,MFJ,0.22,21800
1986,MFJ,0.25,26550
1986,MFJ,0.28,32270
1986,MFJ,0.33,37980
1986,MFJ,0.38,49420
1986,MFJ,0.42,64750
1986,MFJ,0.45,92370
1986,MFJ,0.49,118050
1986,MFJ,0.5,175250
1986,MFS,0,0
1986,MFS,0.11,1835
1986,MFS,0.12,2970
1986,MFS,0.14,4100
1986,MFS,0.16,6420
1986,MFS,0.18,8635
1986,MFS,0.22,10900
1986,MFS,0.25,13275
1986,MFS,0.28,16135
1986,MFS,0.33,18990
1986,MFS,0.38,24710
1986,MFS,0.42,32375
1986,MFS,0.45,46185
1986,MFS,0.49,59025
1986,MFS,0.5,87625
1986,S,0,0
1986,S,0.11,2480
1986,S,0.12,3670
1986,S,0.14,4750
1986,S,0.15,7010
1986,S,0.16,9170
1986,S,0.18,11650
1986,S,0.2,13920
1986,S,0.23,16190
1986,S,0.26,19640
1986,S,0.3,25360
1986,S,0.34,31080
1986,S,0.38,36800
1986,S,0.42,44780
1986,S,0.48,59670
1986,S,0.5,88270
1985,HOH,0,0
1985,HOH,0.11,2390
1985,HOH,0.12,4580
1985,HOH,0.14,6760
1985,HOH,0.17,9050
1985,HOH,0.18,12280
1985,HOH,0.2,15610
1985,HOH,0.24,18940
1985,HOH,0.28,24460
1985,HOH,0.32,29970
1985,HOH,0.35,35490
1985,HOH,0.42,46520
1985,HOH,0.45,63070
1985,HOH,0.48,85130
1985,HOH,0.5,112720
1985,MFJ,0,0
1985,MFJ,0.11,3540
1985,MFJ,0.12,5720
1985,MFJ,0.14,7910
1985,MFJ,0.16,12390
1985,MFJ,0.18,16650
1985,MFJ,0.22,21020
1985,MFJ,0.25,25600
1985,MFJ,0.28,31120
1985,MFJ,0.33,36630
1985,MFJ,0.38,47670
1985,MFJ,0.42,62450
1985,MFJ,0.45,89090
1985,MFJ,0.49,113860
1985,MFJ,0.5,169020
1985,MFS,0,0
1985,MFS,0.11,1770
1985,MFS,0.12,2860
1985,MFS,0.14,3955
1985,MFS,0.16,6195
1985,MFS,0.18,8325
1985,MFS,0.22,10510
1985,MFS,0.25,12800
1985,MFS,0.28,15560
1985,MFS,0.33,18315
1985,MFS,0.38,23835
1985,MFS,0.42,31225
1985,MFS,0.45,44545
1985,MFS,0.49,56930
1985,MFS,0.5,84510
1985,S,0,0
1985,S,0.11,2390
1985,S,0.12,3540
1985,S,0.14,4580
1985,S,0.15,6760
1985,S,0.16,8850
1985,S,0.18,11240
1985,S,0.2,13430
1985,S,0.23,15610
1985,S,0.26,18940
1985,S,0.3,24460
1985,S,0.34,29970
1985,S,0.38,35490
1985,S,0.42,43190
1985,S,0.48,57550
1985,S,0.5,85130
1984,HOH,0,0
1984,HOH,0.11,2300
1984,HOH,0.12,4400
1984,HOH,0.14,6500
1984,HOH,0.17,8700
1984,HOH,0.18,11800
1984,HOH,0.2,15000
1984,HOH,0.24,18200
1984,HOH,0.28,23500
1984,HOH,0.32,28800
1984,HOH,0.35,34100
1984,HOH,0.42,44700
1984,HOH,0.45,60600
1984,HOH,0.48,81800
1984,HOH,0.5,108300
1984,MFJ,0,0
1984,MFJ,0.11,3400
1984,MFJ,0.12,5500
1984,MFJ,0.14,7600
1984,MFJ,0.16,11900
1984,MFJ,0.18,16000
1984,MFJ,0.22,20200
1984,MFJ,0.25,24600
1984,MFJ,0.28,29900
1984,MFJ,0.33,35200
1984,MFJ,0.38,45800
1984,MFJ,0.42,60000
1984,MFJ,0.45,85600
1984,MFJ,0.49,109400
1984,MFJ,0.5,162400
1984,MFS,0,0
1984,MFS,0.11,1700
1984,MFS,0.12,2750
1984,MFS,0.14,3800
1984,MFS,0.16,5950
1984,MFS,0.18,8000
1984,MFS,0.22,10100
1984,MFS,0.25,12300
1984,MFS,0.28,14950
1984,MFS,0.33,17600
1984,MFS,0.38,22900
1984,MFS,0.42,30000
1984,MFS,0.45,42800
1984,MFS,0.49,54700
1984,MFS,0.5,81200
1984,S,0,0
1984,S,0.11,2300
1984,S,0.12,3400
1984,S,0.14,4400
1984,S,0.15,6500
1984,S,0.16,8500
1984,S,0.18,10800
1984,S,0.2,12900
1984,S,0.23,15000
1984,S,0.26,18200
1984,S,0.3,23500
1984,S,0.34,28800
1984,S,0.38,34100
1984,S,0.42,41500
1984,S,0.48,55300
1984,S,0.5,81800
1983,HOH,0,0
1983,HOH,0.11,2300
1983,HOH,0.13,4400
1983,HOH,0.15,6500
1983,HOH,0.18,8700
1983,HOH,0.19,11800
1983,HOH,0.21,15000
1983,HOH,0.25,18200
1983,HOH,0.29,23500
1983,HOH,0.34,28800
1983,HOH,0.37,34100
1983,HOH,0.44,44700
1983,HOH,0.48,60600
1983,HOH,0.5,81800
1983,MFJ,0,0
1983,MFJ,0.11,3400
1983,MFJ,0.13,5500
1983,MFJ,0.15,7600
1983,MFJ,0.17,11900
1983,MFJ,0.19,16000
1983,MFJ,0.23,20200
1983,MFJ,0.26,24600
1983,MFJ,0.3,29900
1983,MFJ,0.35,35200
1983,MFJ,0.4,45800
1983,MFJ,0.44,60000
1983,MFJ,0.48,85600
1983,MFJ,0.5,109400
1983,MFS,0,0
1983,MFS,0.11,1700
1983,MFS,0.13,2750
1983,MFS,0.15,3800
1983,MFS,0.17,5950
1983,MFS,0.19,8000
1983,MFS,0.23,10100
1983,MFS,0.26,12300
1983,MFS,0.3,14950
1983,MFS,0.35,17600
1983,MFS,0.4,22900
1983,MFS,0.44,30000
1983,MFS,0.48,42800
1983,MFS,0.5,54700
1983,S,0,0
1983,S,0.11,2300
1983,S,0.13,3400
1983,S,0.15,4400
1983,S,0.17,8500
1983,S,0.19,10800
1983,S,0.21,12900
1983,S,0.24,15000
1983,S,0.28,18200
1983,S,0.32,23500
1983,S,0.36,28800
1983,S,0.4,34100
1983,S,0.45,41500
1983,S,0.5,55300
1982,HOH,0,0
1982,HOH,0.12,2300
1982,HOH,0.14,4400
1982,HOH,0.16,6500
1982,HOH,0.2,8700
1982,HOH,0.22,11800
1982,HOH,0.23,15000
1982,HOH,0.28,18200
1982,HOH,0.32,23500
1982,HOH,0.38,28800
1982,HOH,0.41,34100
1982,HOH,0.49,44700
1982,HOH,0.5,60600
1982,MFJ,0,0
1982,MFJ,0.12,3400
1982,MFJ,0.14,5500
1982,MFJ,0.16,7600
1982,MFJ,0.19,11900
1982,MFJ,0.22,16000
1982,MFJ,0.25,20200
1982,MFJ,0.29,24600
1982,MFJ,0.33,29900
1982,MFJ,0.39,35200
1982,MFJ,0.44,45800
1982,MFJ,0.49,60000
1982,MFJ,0.5,85600
1982,MFS,0,0
1982,MFS,0.12,1700
1982,MFS,0.14,2750
1982,MFS,0.16,3800
1982,MFS,0.19,5950
1982,MFS,0.22,8000
1982,MFS,0.25,10100
1982,MFS,0.29,12300
1982,MFS,0.33,14950
1982,MFS,0.39,17600
1982,MFS,0.44,22900
1982,MFS,0.49,30000
1982,MFS,0.5,42800
1982,S,0,0
1982,S,0.12,2300
1982,S,0.14,3400
1982,S,0.16,4400
1982,S,0.17,6500
1982,S,0.19,8500
1982,S,0.22,10800
1982,S,0.23,12900
1982,S,0.27,15000
1982,S,0.31,18200
1982,S,0.35,23500
1982,S,0.4,28800
1982,S,0.44,34100
1982,S,0.5,41500
1981,HOH,0,0
1981,HOH,0.14,2300
1981,HOH,0.16,4400
1981,HOH,0.18,6500
1981,HOH,0.22,8700
1981,HOH,0.24,11800
1981,HOH,0.26,15000
1981,HOH,0.31,18200
1981,HOH,0.36,23500
1981,HOH,0.42,28800
1981,HOH,0.46,34100
1981,HOH,0.54,44700
1981,HOH,0.59,60600
1981,HOH,0.63,81800
1981,HOH,0.68,108300
1981,HOH,0.7,161300
1981,MFJ,0,0
1981,MFJ,0.14,3400
1981,MFJ,0.16,5500
1981,MFJ,0.18,7600
1981,MFJ,0.21,11900
1981,MFJ,0.24,16000
1981,MFJ,0.28,20200
1981,MFJ,0.32,24600
1981,MFJ,0.37,29900
1981,MFJ,0.43,35200
1981,MFJ,0.49,45800
1981,MFJ,0.54,60000
1981,MFJ,0.59,85600
1981,MFJ,0.64,109400
1981,MFJ,0.68,162400
1981,MFJ,0.7,215400
1981,MFS,0,0
1981,MFS,0.14,1700
1981,MFS,0.16,2750
1981,MFS,0.18,3800
1981,MFS,0.21,5950
1981,MFS,0.24,8000
1981,MFS,0.28,10100
1981,MFS,0.32,12300
1981,MFS,0.37,14950
1981,MFS,0.43,17600
1981,MFS,0.49,22900
1981,MFS,0.54,30000
1981,MFS,0.59,42800
1981,MFS,0.64,54700
1981,MFS,0.68,81200
1981,MFS,0.7,107700
1981,S,0,0
1981,S,0.14,2300
1981,S,0.16,3400
1981,S,0.18,4400
1981,S,0.19,6500
1981,S,0.21,8500
1981,S,0.24,10800
1981,S,0.26,12900
1981,S,0.3,15000
1981,S,0.34,18200
1981,S,0.39,23500
1981,S,0.44,28800
1981,S,0.49,34100
1981,S,0.55,41500
1981,S,0.63,55300
1981,S,0.68,81800
1981,S,0.7,108300
1980,HOH,0,0
1980,HOH,0.14,2300
1980,HOH,0.16,4400
1980,HOH,0.18,6500
1980,HOH,0.22,8700
1980,HOH,0.24,11800
1980,HOH,0.26,15000
1980,HOH,0.31,18200
1980,HOH,0.36,23500
1980,HOH,0.42,28800
1980,HOH,0.46,34100
1980,HOH,0.54,44700
1980,HOH,0.59,60600
1980,HOH,0.63,81800
1980,HOH,0.68,108300
1980,HOH,0.7,161300
1980,MFJ,0,0
1980,MFJ,0.14,3400
1980,MFJ,0.16,5500
1980,MFJ,0.18,7600
1980,MFJ,0.21,11900
1980,MFJ,0.24,16000
1980,MFJ,0.28,20200
1980,MFJ,0.32,24600
1980,MFJ,0.37,29900
1980,MFJ,0.43,35200
1980,MFJ,0.49,45800
1980,MFJ,0.54,60000
1980,MFJ,0.59,85600
1980,MFJ,0.64,109400
1980,MFJ,0.68,162400
1980,MFJ,0.7,215400
1980,MFS,0,0
1980,MFS,0.14,1700
1980,MFS,0.16,2750
1980,MFS,0.18,3800
1980,MFS,0.21,5950
1980,MFS,0.24,8000
1980,MFS,0.28,10100
1980,MFS,0.32,12300
1980,MFS,0.37,14950
1980,MFS,0.43,17600
1980,MFS,0.49,22900
1980,MFS,0.54,30000
1980,MFS,0.59,42800
1980,MFS,0.64,54700
1980,MFS,0.68,81200
1980,MFS,0.7,107700
1980,S,0,0
1980,S,0.14,2300
1980,S,0.16,3400
1980,S,0.18,4400
1980,S,0.19,6500
1980,S,0.21,8500
1980,S,0.24,10800
1980,S,0.26,12900
1980,S,0.3,15000
1980,S,0.34,18200
1980,S,0.39,23500
1980,S,0.44,28800
1980,S,0.49,34100
1980,S,0.55,41500
1980,S,0.63,55300
1980,S,0.68,81800
1980,S,0.7,108300
1979,HOH,0,0
1979,HOH,0.14,2300
1979,HOH,0.16,4400
1979,HOH,0.18,6500
1979,HOH,0.22,8700
1979,HOH,0.24,11800
1979,HOH,0.26,15000
1979,HOH,0.31,18200
1979,HOH,0.36,23500
1979,HOH,0.42,28800
1979,HOH,0.46,34100
1979,HOH,0.54,44700
1979,HOH,0.59,60600
1979,HOH,0.63,81800
1979,HOH,0.68,108300
1979,HOH,0.7,161300
1979,MFJ,0,0
1979,MFJ,0.14,3400
1979,MFJ,0.16,5500
1979,MFJ,0.18,7600
1979,MFJ,0.21,11900
1979,MFJ,0.24,16000
1979,MFJ,0.28,20200
1979,MFJ,0.32,24600
1979,MFJ,0.37,29900
1979,MFJ,0.43,35200
1979,MFJ,0.49,45800
1979,MFJ,0.54,60000
1979,MFJ,0.59,85600
1979,MFJ,0.64,109400
1979,MFJ,0.68,162400
1979,MFJ,0.7,215400
1979,MFS,0,0
1979,MFS,0.14,1700
1979,MFS,0.16,2750
1979,MFS,0.18,3800
1979,MFS,0.21,5950
1979,MFS,0.24,8000
1979,MFS,0.28,10100
1979,MFS,0.32,12300
1979,MFS,0.37,14950
1979,MFS,0.43,17600
1979,MFS,0.49,22900
1979,MFS,0.54,30000
1979,MFS,0.59,42800
1979,MFS,0.64,54700
1979,MFS,0.68,81200
1979,MFS,0.7,107700
1979,S,0,0
1979,S,0.14,2300
1979,S,0.16,3400
1979,S,0.18,4400
1979,S,0.19,6500
1979,S,0.21,8500
1979,S,0.24,10800
1979,S,0.26,12900
1979,S,0.3,15000
1979,S,0.34,18200
1979,S,0.39,23500
1979,S,0.44,28800
1979,S,0.49,34100
1979,S,0.55,41500
1979,S,0.63,55300
1979,S,0.68,81800
1979,S,0.7,108300
1978,HOH,0,0
1978,HOH,0.14,2200
1978,HOH,0.16,3200
1978,HOH,0.18,4200
1978,HOH,0.19,6200
1978,HOH,0.22,8200
1978,HOH,0.23,10200
1978,HOH,0.25,12200
1978,HOH,0.27,14200
1978,HOH,0.28,16200
1978,HOH,0.31,18200
1978,HOH,0.32,20200
1978,HOH,0.35,22200
1978,HOH,0.36,24200
1978,HOH,0.38,26200
1978,HOH,0.41,28200
1978,HOH,0.42,30200
1978,HOH,0.45,34200
1978,HOH,0.48,38200
1978,HOH,0.51,40200
1978,HOH,0.52,42200
1978,HOH,0.55,46200
1978,HOH,0.56,52200
1978,HOH,0.58,54200
1978,HOH,0.59,66200
1978,HOH,0.61,72200
1978,HOH,0.62,78200
1978,HOH,0.63,82200
1978,HOH,0.64,90200
1978,HOH,0.66,102200
1978,HOH,0.67,122200
1978,HOH,0.68,142200
1978,HOH,0.69,162200
1978,HOH,0.7,182200
1978,MFJ,0,0
1978,MFJ,0.14,3200
1978,MFJ,0.15,4200
1978,MFJ,0.16,5200
1978,MFJ,0.17,6200
1978,MFJ,0.19,7200
1978,MFJ,0.22,11200
1978,MFJ,0.25,15200
1978,MFJ,0.28,19200
1978,MFJ,0.32,23200
1978,MFJ,0.36,27200
1978,MFJ,0.49,31200
1978,MFJ,0.42,35200
1978,MFJ,0.45,39200
1978,MFJ,0.48,43200
1978,MFJ,0.5,47200
1978,MFJ,0.53,55200
1978,MFJ,0.55,67200
1978,MFJ,0.58,79200
1978,MFJ,0.6,91200
1978,MFJ,0.62,103200
1978,MFJ,0.64,123200
1978,MFJ,0.66,143200
1978,MFJ,0.68,163200
1978,MFJ,0.69,183200
1978,MFJ,0.7,203200
1978,MFS,0,0
1978,MFS,0.14,1600
1978,MFS,0.15,2100
1978,MFS,0.16,2600
1978,MFS,0.17,3100
1978,MFS,0.19,3600
1978,MFS,0.22,5600
1978,MFS,0.25,7600
1978,MFS,0.28,9500
1978,MFS,0.32,11600
1978,MFS,0.36,13600
1978,MFS,0.39,15600
1978,MFS,0.42,17600
1978,MFS,0.45,19600
1978,MFS,0.48,21600
1978,MFS,0.5,23600
1978,MFS,0.53,27300
1978,MFS,0.55,33600
1978,MFS,0.58,39600
1978,MFS,0.6,45600
1978,MFS,0.62,51600
1978,MFS,0.64,61600
1978,MFS,0.66,71600
1978,MFS,0.68,81600
1978,MFS,0.69,91600
1978,MFS,0.7,101600
1978,S,0,0
1978,S,0.14,2200
1978,S,0.15,2700
1978,S,0.16,3200
1978,S,0.17,3700
1978,S,0.19,4200
1978,S,0.21,6200
1978,S,0.24,8200
1978,S,0.25,10200
1978,S,0.27,12200
1978,S,0.29,14200
1978,S,0.31,16200
1978,S,0.34,18200
1978,S,0.36,20200
1978,S,0.38,22200
1978,S,0.4,24200
1978,S,0.45,28200
1978,S,0.5,34200
1978,S,0.55,40200
1978,S,0.6,46200
1978,S,0.62,52200
1978,S,0.64,62200
1978,S,0.66,72200
1978,S,0.68,82200
1978,S,0.69,92200
1978,S,0.7,102200
1977,HOH,0,0
1977,HOH,0.14,2200
1977,HOH,0.16,3200
1977,HOH,0.18,4200
1977,HOH,0.19,6200
1977,HOH,0.22,8200
1977,HOH,0.23,10200
1977,HOH,0.25,12200
1977,HOH,0.27,14200
1977,HOH,0.28,16200
1977,HOH,0.31,18200
1977,HOH,0.32,20200
1977,HOH,0.35,22200
1977,HOH,0.36,24200
1977,HOH,0.38,26200
1977,HOH,0.41,28200
1977,HOH,0.42,30200
1977,HOH,0.45,34200
1977,HOH,0.48,38200
1977,HOH,0.51,40200
1977,HOH,0.52,42200
1977,HOH,0.55,46200
1977,HOH,0.56,52200
1977,HOH,0.58,54200
1977,HOH,0.59,66200
1977,HOH,0.61,72200
1977,HOH,0.62,78200
1977,HOH,0.63,82200
1977,HOH,0.64,90200
1977,HOH,0.66,102200
1977,HOH,0.67,122200
1977,HOH,0.68,142200
1977,HOH,0.69,162200
1977,HOH,0.7,182200
1977,MFJ,0,0
1977,MFJ,0.14,3200
1977,MFJ,0.15,4200
1977,MFJ,0.16,5200
1977,MFJ,0.17,6200
1977,MFJ,0.19,7200
1977,MFJ,0.22,11200
1977,MFJ,0.25,15200
1977,MFJ,0.28,19200
1977,MFJ,0.32,23200
1977,MFJ,0.36,27200
1977,MFJ,0.39,31200
1977,MFJ,0.42,35200
1977,MFJ,0.45,39200
1977,MFJ,0.48,43200
1977,MFJ,0.5,47200
1977,MFJ,0.53,55200
1977,MFJ,0.55,67200
1977,MFJ,0.58,79200
1977,MFJ,0.6,91200
1977,MFJ,0.62,103200
1977,MFJ,0.64,123200
1977,MFJ,0.66,143200
1977,MFJ,0.68,163200
1977,MFJ,0.69,183200
1977,MFJ,0.7,203200
1977,MFS,0,0
1977,MFS,0.14,1600
1977,MFS,0.15,2100
1977,MFS,0.16,2600
1977,MFS,0.17,3100
1977,MFS,0.19,3600
1977,MFS,0.22,5600
1977,MFS,0.25,7600
1977,MFS,0.28,9500
1977,MFS,0.32,11600
1977,MFS,0.36,13600
1977,MFS,0.39,15600
1977,MFS,0.42,17600
1977,MFS,0.45,19600
1977,MFS,0.48,21600
1977,MFS,0.5,23600
1977,MFS,0.53,27300
1977,MFS,0.55,33600
1977,MFS,0.58,39600
1977,MFS,0.6,45600
1977,MFS,0.62,51600
1977,MFS,0.64,61600
1977,MFS,0.66,71600
1977,MFS,0.68,81600
1977,MFS,0.69,91600
1977,MFS,0.7,101600
1977,S,0,0
1977,S,0.14,2200
1977,S,0.15,2700
1977,S,0.16,3200
1977,S,0.17,3700
1977,S,0.19,4200
1977,S,0.21,6200
1977,S,0.24,8200
1977,S,0.25,10200
1977,S,0.27,12200
1977,S,0.29,14200
1977,S,0.31,16200
1977,S,0.34,18200
1977,S,0.36,20200
1977,S,0.38,22200
1977,S,0.4,24200
1977,S,0.45,28200
1977,S,0.5,34200
1977,S,0.55,40200
1977,S,0.6,46200
1977,S,0.62,52200
1977,S,0.64,62200
1977,S,0.66,72200
1977,S,0.68,82200
1977,S,0.69,92200
1977,S,0.7,102200
1976,HOH,0.14,0
1976,HOH,0.16,1000
1976,HOH,0.18,2000
1976,HOH,0.19,4000
1976,HOH,0.22,6000
1976,HOH,0.23,8000
1976,HOH,0.25,10000
1976,HOH,0.27,12000
1976,HOH,0.28,14000
1976,HOH,0.31,16000
1976,HOH,0.32,18000
1976,HOH,0.35,20000
1976,HOH,0.36,22000
1976,HOH,0.38,24000
1976,HOH,0.41,26000
1976,HOH,0.42,28000
1976,HOH,0.45,32000
1976,HOH,0.48,36000
1976,HOH,0.51,38000
1976,HOH,0.52,40000
1976,HOH,0.55,44000
1976,HOH,0.56,50000
1976,HOH,0.58,52000
1976,HOH,0.59,64000
1976,HOH,0.61,70000
1976,HOH,0.62,76000
1976,HOH,0.63,80000
1976,HOH,0.64,88000
1976,HOH,0.66,100000
1976,HOH,0.67,120000
1976,HOH,0.68,140000
1976,HOH,0.69,160000
1976,HOH,0.7,180000
1976,MFJ,0.14,0
1976,MFJ,0.15,1000
1976,MFJ,0.16,2000
1976,MFJ,0.17,3000
1976,MFJ,0.19,4000
1976,MFJ,0.22,8000
1976,MFJ,0.25,12000
1976,MFJ,0.28,16000
1976,MFJ,0.32,20000
1976,MFJ,0.36,24000
1976,MFJ,0.39,28000
1976,MFJ,0.42,32000
1976,MFJ,0.45,36000
1976,MFJ,0.48,40000
1976,MFJ,0.5,44000
1976,MFJ,0.53,52000
1976,MFJ,0.55,64000
1976,MFJ,0.58,76000
1976,MFJ,0.6,88000
1976,MFJ,0.62,100000
1976,MFJ,0.64,120000
1976,MFJ,0.66,140000
1976,MFJ,0.68,160000
1976,MFJ,0.69,180000
1976,MFJ,0.7,200000
1976,MFS,0.14,0
1976,MFS,0.15,500
1976,MFS,0.16,1000
1976,MFS,0.17,1500
1976,MFS,0.19,2000
1976,MFS,0.22,4000
1976,MFS,0.25,6000
1976,MFS,0.28,8000
1976,MFS,0.32,10000
1976,MFS,0.36,12000
1976,MFS,0.39,14000
1976,MFS,0.42,16000
1976,MFS,0.45,18000
1976,MFS,0.48,20000
1976,MFS,0.5,22000
1976,MFS,0.53,26000
1976,MFS,0.55,32000
1976,MFS,0.58,38000
1976,MFS,0.6,44000
1976,MFS,0.62,50000
1976,MFS,0.64,60000
1976,MFS,0.66,70000
1976,MFS,0.68,80000
1976,MFS,0.69,90000
1976,MFS,0.7,100000
1976,S,0.14,0
1976,S,0.15,500
1976,S,0.16,1000
1976,S,0.17,1500
1976,S,0.19,2000
1976,S,0.22,4000
1976,S,0.25,6000
1976,S,0.28,8000
1976,S,0.32,10000
1976,S,0.36,12000
1976,S,0.39,14000
1976,S,0.42,16000
1976,S,0.45,18000
1976,S,0.48,20000
1976,S,0.5,22000
1976,S,0.53,26000
1976,S,0.55,32000
1976,S,0.58,38000
1976,S,0.6,44000
1976,S,0.62,50000
1976,S,0.64,60000
1976,S,0.66,70000
1976,S,0.68,80000
1976,S,0.69,90000
1976,S,0.7,100000
1975,HOH,0.14,0
1975,HOH,0.16,1000
1975,HOH,0.18,2000
1975,HOH,0.19,4000
1975,HOH,0.22,6000
1975,HOH,0.23,8000
1975,HOH,0.25,10000
1975,HOH,0.27,12000
1975,HOH,0.28,14000
1975,HOH,0.31,16000
1975,HOH,0.32,18000
1975,HOH,0.35,20000
1975,HOH,0.36,22000
1975,HOH,0.38,24000
1975,HOH,0.41,26000
1975,HOH,0.42,28000
1975,HOH,0.45,32000
1975,HOH,0.48,36000
1975,HOH,0.51,38000
1975,HOH,0.52,40000
1975,HOH,0.55,44000
1975,HOH,0.56,50000
1975,HOH,0.58,52000
1975,HOH,0.59,64000
1975,HOH,0.61,70000
1975,HOH,0.62,76000
1975,HOH,0.63,80000
1975,HOH,0.64,88000
1975,HOH,0.66,100000
1975,HOH,0.67,120000
1975,HOH,0.68,140000
1975,HOH,0.69,160000
1975,HOH,0.7,180000
1975,MFJ,0.14,0
1975,MFJ,0.15,1000
1975,MFJ,0.16,2000
1975,MFJ,0.17,3000
1975,MFJ,0.19,4000
1975,MFJ,0.22,8000
1975,MFJ,0.25,12000
1975,MFJ,0.28,16000
1975,MFJ,0.32,20000
1975,MFJ,0.36,24000
1975,MFJ,0.39,28000
1975,MFJ,0.42,32000
1975,MFJ,0.45,36000
1975,MFJ,0.48,40000
1975,MFJ,0.5,44000
1975,MFJ,0.53,52000
1975,MFJ,0.55,64000
1975,MFJ,0.58,76000
1975,MFJ,0.6,88000
1975,MFJ,0.62,100000
1975,MFJ,0.64,120000
1975,MFJ,0.66,140000
1975,MFJ,0.68,160000
1975,MFJ,0.69,180000
1975,MFJ,0.7,200000
1975,MFS,0.14,0
1975,MFS,0.15,500
1975,MFS,0.16,1000
1975,MFS,0.17,1500
1975,MFS,0.19,2000
1975,MFS,0.22,4000
1975,MFS,0.25,6000
1975,MFS,0.28,8000
1975,MFS,0.32,10000
1975,MFS,0.36,12000
1975,MFS,0.39,14000
1975,MFS,0.42,16000
1975,MFS,0.45,18000
1975,MFS,0.48,20000
1975,MFS,0.5,22000
1975,MFS,0.53,26000
1975,MFS,0.55,32000
1975,MFS,0.58,38000
1975,MFS,0.6,44000
1975,MFS,0.62,50000
1975,MFS,0.64,60000
1975,MFS,0.66,70000
1975,MFS,0.68,80000
1975,MFS,0.69,90000
1975,MFS,0.7,100000
1975,S,0.14,0
1975,S,0.15,500
1975,S,0.16,1000
1975,S,0.17,1500
1975,S,0.19,2000
1975,S,0.22,4000
1975,S,0.25,6000
1975,S,0.28,8000
1975,S,0.32,10000
1975,S,0.36,12000
1975,S,0.39,14000
1975,S,0.42,16000
1975,S,0.45,18000
1975,S,0.48,20000
1975,S,0.5,22000
1975,S,0.53,26000
1975,S,0.55,32000
1975,S,0.58,38000
1975,S,0.6,44000
1975,S,0.62,50000
1975,S,0.64,60000
1975,S,0.66,70000
1975,S,0.68,80000
1975,S,0.69,90000
1975,S,0.7,100000
1974,HOH,0.14,0
1974,HOH,0.16,1000
1974,HOH,0.18,2000
1974,HOH,0.19,4000
1974,HOH,0.22,6000
1974,HOH,0.23,8000
1974,HOH,0.25,10000
1974,HOH,0.27,12000
1974,HOH,0.28,14000
1974,HOH,0.31,16000
1974,HOH,0.32,18000
1974,HOH,0.35,20000
1974,HOH,0.36,22000
1974,HOH,0.38,24000
1974,HOH,0.41,26000
1974,HOH,0.42,28000
1974,HOH,0.45,32000
1974,HOH,0.48,36000
1974,HOH,0.51,38000
1974,HOH,0.52,40000
1974,HOH,0.55,44000
1974,HOH,0.56,50000
1974,HOH,0.58,52000
1974,HOH,0.59,64000
1974,HOH,0.61,70000
1974,HOH,0.62,76000
1974,HOH,0.63,80000
1974,HOH,0.64,88000
1974,HOH,0.66,100000
1974,HOH,0.67,120000
1974,HOH,0.68,140000
1974,HOH,0.69,160000
1974,HOH,0.7,180000
1974,MFJ,0.14,0
1974,MFJ,0.15,1000
1974,MFJ,0.16,2000
1974,MFJ,0.17,3000
1974,MFJ,0.19,4000
1974,MFJ,0.22,8000
1974,MFJ,0.25,12000
1974,MFJ,0.28,16000
1974,MFJ,0.32,20000
1974,MFJ,0.36,24000
1974,MFJ,0.39,28000
1974,MFJ,0.42,32000
1974,MFJ,0.45,36000
1974,MFJ,0.48,40000
1974,MFJ,0.5,44000
1974,MFJ,0.53,52000
1974,MFJ,0.55,64000
1974,MFJ,0.58,76000
1974,MFJ,0.6,88000
1974,MFJ,0.62,100000
1974,MFJ,0.64,120000
1974,MFJ,0.66,140000
1974,MFJ,0.68,160000
1974,MFJ,0.69,180000
1974,MFJ,0.7,200000
1974,MFS,0.14,0
1974,MFS,0.15,500
1974,MFS,0.16,1000
1974,MFS,0.17,1500
1974,MFS,0.19,2000
1974,MFS,0.22,4000
1974,MFS,0.25,6000
1974,MFS,0.28,8000
1974,MFS,0.32,10000
1974,MFS,0.36,12000
1974,MFS,0.39,14000
1974,MFS,0.42,16000
1974,MFS,0.45,18000
1974,MFS,0.48,20000
1974,MFS,0.5,22000
1974,MFS,0.53,26000
1974,MFS,0.55,32000
1974,MFS,0.58,38000
1974,MFS,0.6,44000
1974,MFS,0.62,50000
1974,MFS,0.64,60000
1974,MFS,0.66,70000
1974,MFS,0.68,80000
1974,MFS,0.69,90000
1974,MFS,0.7,100000
1974,S,0.14,0
1974,S,0.15,500
1974,S,0.16,1000
1974,S,0.17,1500
1974,S,0.19,2000
1974,S,0.22,4000
1974,S,0.25,6000
1974,S,0.28,8000
1974,S,0.32,10000
1974,S,0.36,12000
1974,S,0.39,14000
1974,S,0.42,16000
1974,S,0.45,18000
1974,S,0.48,20000
1974,S,0.5,22000
1974,S,0.53,26000
1974,S,0.55,32000
1974,S,0.58,38000
1974,S,0.6,44000
1974,S,0.62,50000
1974,S,0.64,60000
1974,S,0.66,70000
1974,S,0.68,80000
1974,S,0.69,90000
1974,S,0.7,100000
1973,HOH,0.14,0
1973,HOH,0.16,1000
1973,HOH,0.18,2000
1973,HOH,0.19,4000
1973,HOH,0.22,6000
1973,HOH,0.23,8000
1973,HOH,0.25,10000
1973,HOH,0.27,12000
1973,HOH,0.28,14000
1973,HOH,0.31,16000
1973,HOH,0.32,18000
1973,HOH,0.35,20000
1973,HOH,0.36,22000
1973,HOH,0.38,24000
1973,HOH,0.41,26000
1973,HOH,0.42,28000
1973,HOH,0.45,32000
1973,HOH,0.48,36000
1973,HOH,0.51,38000
1973,HOH,0.52,40000
1973,HOH,0.55,44000
1973,HOH,0.56,50000
1973,HOH,0.58,52000
1973,HOH,0.59,64000
1973,HOH,0.61,70000
1973,HOH,0.62,76000
1973,HOH,0.63,80000
1973,HOH,0.64,88000
1973,HOH,0.66,100000
1973,HOH,0.67,120000
1973,HOH,0.68,140000
1973,HOH,0.69,160000
1973,HOH,0.7,180000
1973,MFJ,0.14,0
1973,MFJ,0.15,1000
1973,MFJ,0.16,2000
1973,MFJ,0.17,3000
1973,MFJ,0.19,4000
1973,MFJ,0.22,8000
1973,MFJ,0.25,12000
1973,MFJ,0.28,16000
1973,MFJ,0.32,20000
1973,MFJ,0.36,24000
1973,MFJ,0.39,28000
1973,MFJ,0.42,32000
1973,MFJ,0.45,36000
1973,MFJ,0.48,40000
1973,MFJ,0.5,44000
1973,MFJ,0.53,52000
1973,MFJ,0.55,64000
1973,MFJ,0.58,76000
1973,MFJ,0.6,88000
1973,MFJ,0.62,100000
1973,MFJ,0.64,120000
1973,MFJ,0.66,140000
1973,MFJ,0.68,160000
1973,MFJ,0.69,180000
1973,MFJ,0.7,200000
1973,MFS,0.14,0
1973,MFS,0.15,500
1973,MFS,0.16,1000
1973,MFS,0.17,1500
1973,MFS,0.19,2000
1973,MFS,0.22,4000
1973,MFS,0.25,6000
1973,MFS,0.28,8000
1973,MFS,0.32,10000
1973,MFS,0.36,12000
1973,MFS,0.39,14000
1973,MFS,0.42,16000
1973,MFS,0.45,18000
1973,MFS,0.48,20000
1973,MFS,0.5,22000
1973,MFS,0.53,26000
1973,MFS,0.55,32000
1973,MFS,0.58,38000
1973,MFS,0.6,44000
1973,MFS,0.62,50000
1973,MFS,0.64,60000
1973,MFS,0.66,70000
1973,MFS,0.68,80000
1973,MFS,0.69,90000
1973,MFS,0.7,100000
1973,S,0.14,0
1973,S,0.15,500
1973,S,0.16,1000
1973,S,0.17,1500
1973,S,0.19,2000
1973,S,0.22,4000
1973,S,0.25,6000
1973,S,0.28,8000
1973,S,0.32,10000
1973,S,0.36,12000
1973,S,0.39,14000
1973,S,0.42,16000
1973,S,0.45,18000
1973,S,0.48,20000
1973,S,0.5,22000
1973,S,0.53,26000
1973,S,0.55,32000
1973,S,0.58,38000
1973,S,0.6,44000
1973,S,0.62,50000
1973,S,0.64,60000
1973,S,0.66,70000
1973,S,0.68,80000
1973,S,0.69,90000
1973,S,0.7,100000
1972,HOH,0.14,0
1972,HOH,0.16,1000
1972,HOH,0.18,2000
1972,HOH,0.19,4000
1972,HOH,0.22,6000
1972,HOH,0.23,8000
1972,HOH,0.25,10000
1972,HOH,0.27,12000
1972,HOH,0.28,14000
1972,HOH,0.31,16000
1972,HOH,0.32,18000
1972,HOH,0.35,20000
1972,HOH,0.36,22000
1972,HOH,0.38,24000
1972,HOH,0.41,26000
1972,HOH,0.42,28000
1972,HOH,0.45,32000
1972,HOH,0.48,36000
1972,HOH,0.51,38000
1972,HOH,0.52,40000
1972,HOH,0.55,44000
1972,HOH,0.56,50000
1972,HOH,0.58,52000
1972,HOH,0.59,64000
1972,HOH,0.61,70000
1972,HOH,0.62,76000
1972,HOH,0.63,80000
1972,HOH,0.64,88000
1972,HOH,0.66,100000
1972,HOH,0.67,120000
1972,HOH,0.68,140000
1972,HOH,0.69,160000
1972,HOH,0.7,180000
1972,MFJ,0.14,0
1972,MFJ,0.15,1000
1972,MFJ,0.16,2000
1972,MFJ,0.17,3000
1972,MFJ,0.19,4000
1972,MFJ,0.22,8000
1972,MFJ,0.25,12000
1972,MFJ,0.28,16000
1972,MFJ,0.32,20000
1972,MFJ,0.36,24000
1972,MFJ,0.39,28000
1972,MFJ,0.42,32000
1972,MFJ,0.45,36000
1972,MFJ,0.48,40000
1972,MFJ,0.5,44000
1972,MFJ,0.53,52000
1972,MFJ,0.55,64000
1972,MFJ,0.58,76000
1972,MFJ,0.6,88000
1972,MFJ,0.62,100000
1972,MFJ,0.64,120000
1972,MFJ,0.66,140000
1972,MFJ,0.68,160000
1972,MFJ,0.69,180000
1972,MFJ,0.7,200000
1972,MFS,0.14,0
1972,MFS,0.15,500
1972,MFS,0.16,1000
1972,MFS,0.17,1500
1972,MFS,0.19,2000
1972,MFS,0.22,4000
1972,MFS,0.25,6000
1972,MFS,0.28,8000
1972,MFS,0.32,10000
1972,MFS,0.36,12000
1972,MFS,0.39,14000
1972,MFS,0.42,16000
1972,MFS,0.45,18000
1972,MFS,0.48,20000
1972,MFS,0.5,22000
1972,MFS,0.53,26000
1972,MFS,0.55,32000
1972,MFS,0.58,38000
1972,MFS,0.6,44000
1972,MFS,0.62,50000
1972,MFS,0.64,60000
1972,MFS,0.66,70000
1972,MFS,0.68,80000
1972,MFS,0.69,90000
1972,MFS,0.7,100000
1972,S,0.14,0
1972,S,0.15,500
1972,S,0.16,1000
1972,S,0.17,1500
1972,S,0.19,2000
1972,S,0.22,4000
1972,S,0.25,6000
1972,S,0.28,8000
1972,S,0.32,10000
1972,S,0.36,12000
1972,S,0.39,14000
1972,S,0.42,16000
1972,S,0.45,18000
1972,S,0.48,20000
1972,S,0.5,22000
1972,S,0.53,26000
1972,S,0.55,32000
1972,S,0.58,38000
1972,S,0.6,44000
1972,S,0.62,50000
1972,S,0.64,60000
1972,S,0.66,70000
1972,S,0.68,80000
1972,S,0.69,90000
1972,S,0.7,100000
1971,HOH,0.14,0
1971,HOH,0.16,1000
1971,HOH,0.18,2000
1971,HOH,0.19,4000
1971,HOH,0.22,6000
1971,HOH,0.23,8000
1971,HOH,0.25,10000
1971,HOH,0.27,12000
1971,HOH,0.28,14000
1971,HOH,0.31,16000
1971,HOH,0.32,18000
1971,HOH,0.35,20000
1971,HOH,0.36,22000
1971,HOH,0.38,24000
1971,HOH,0.41,26000
1971,HOH,0.42,28000
1971,HOH,0.45,32000
1971,HOH,0.48,36000
1971,HOH,0.51,38000
1971,HOH,0.52,40000
1971,HOH,0.55,44000
1971,HOH,0.56,50000
1971,HOH,0.58,52000
1971,HOH,0.59,64000
1971,HOH,0.61,70000
1971,HOH,0.62,76000
1971,HOH,0.63,80000
1971,HOH,0.64,88000
1971,HOH,0.66,100000
1971,HOH,0.67,120000
1971,HOH,0.68,140000
1971,HOH,0.69,160000
1971,HOH,0.7,180000
1971,MFJ,0.14,0
1971,MFJ,0.15,1000
1971,MFJ,0.16,2000
1971,MFJ,0.17,3000
1971,MFJ,0.19,4000
1971,MFJ,0.22,8000
1971,MFJ,0.25,12000
1971,MFJ,0.28,16000
1971,MFJ,0.32,20000
1971,MFJ,0.36,24000
1971,MFJ,0.39,28000
1971,MFJ,0.42,32000
1971,MFJ,0.45,36000
1971,MFJ,0.48,40000
1971,MFJ,0.5,44000
1971,MFJ,0.53,52000
1971,MFJ,0.55,64000
1971,MFJ,0.58,76000
1971,MFJ,0.6,88000
1971,MFJ,0.62,100000
1971,MFJ,0.64,120000
1971,MFJ,0.66,140000
1971,MFJ,0.68,160000
1971,MFJ,0.69,180000
1971,MFJ,0.7,200000
1971,MFS,0.14,0
1971,MFS,0.15,500
1971,MFS,0.16,1000
1971,MFS,0.17,1500
1971,MFS,0.19,2000
1971,MFS,0.22,4000
1971,MFS,0.25,6000
1971,MFS,0.28,8000
1971,MFS,0.32,10000
1971,MFS,0.36,12000
1971,MFS,0.39,14000
1971,MFS,0.42,16000
1971,MFS,0.45,18000
1971,MFS,0.48,20000
1971,MFS,0.5,22000
1971,MFS,0.53,26000
1971,MFS,0.55,32000
1971,MFS,0.58,38000
1971,MFS,0.6,44000
1971,MFS,0.62,50000
1971,MFS,0.64,60000
1971,MFS,0.66,70000
1971,MFS,0.68,80000
1971,MFS,0.69,90000
1971,MFS,0.7,100000
1971,S,0.14,0
1971,S,0.15,500
1971,S,0.16,1000
1971,S,0.17,1500
1971,S,0.19,2000
1971,S,0.22,4000
1971,S,0.25,6000
1971,S,0.28,8000
1971,S,0.32,10000
1971,S,0.36,12000
1971,S,0.39,14000
1971,S,0.42,16000
1971,S,0.45,18000
1971,S,0.48,20000
1971,S,0.5,22000
1971,S,0.53,26000
1971,S,0.55,32000
1971,S,0.58,38000
1971,S,0.6,44000
1971,S,0.62,50000
1971,S,0.64,60000
1971,S,0.66,70000
1971,S,0.68,80000
1971,S,0.69,90000
1971,S,0.7,100000
1970,HOH,0.14,0
1970,HOH,0.16,1000
1970,HOH,0.18,2000
1970,HOH,0.2,4000
1970,HOH,0.22,6000
1970,HOH,0.25,8000
1970,HOH,0.27,10000
1970,HOH,0.31,12000
1970,HOH,0.32,14000
1970,HOH,0.35,16000
1970,HOH,0.36,18000
1970,HOH,0.4,20000
1970,HOH,0.41,22000
1970,HOH,0.43,24000
1970,HOH,0.45,26000
1970,HOH,0.46,28000
1970,HOH,0.48,32000
1970,HOH,0.5,36000
1970,HOH,0.52,38000
1970,HOH,0.53,40000
1970,HOH,0.55,44000
1970,HOH,0.56,50000
1970,HOH,0.58,52000
1970,HOH,0.59,64000
1970,HOH,0.61,70000
1970,HOH,0.62,76000
1970,HOH,0.63,80000
1970,HOH,0.64,88000
1970,HOH,0.66,100000
1970,HOH,0.67,120000
1970,HOH,0.68,140000
1970,HOH,0.69,160000
1970,HOH,0.7,180000
1970,MFJ,0.14,0
1970,MFJ,0.15,1000
1970,MFJ,0.16,2000
1970,MFJ,0.17,3000
1970,MFJ,0.19,4000
1970,MFJ,0.22,8000
1970,MFJ,0.25,12000
1970,MFJ,0.28,16000
1970,MFJ,0.32,20000
1970,MFJ,0.36,24000
1970,MFJ,0.39,28000
1970,MFJ,0.42,32000
1970,MFJ,0.45,36000
1970,MFJ,0.48,40000
1970,MFJ,0.5,44000
1970,MFJ,0.53,52000
1970,MFJ,0.55,64000
1970,MFJ,0.58,76000
1970,MFJ,0.6,88000
1970,MFJ,0.62,100000
1970,MFJ,0.64,120000
1970,MFJ,0.66,140000
1970,MFJ,0.68,160000
1970,MFJ,0.69,180000
1970,MFJ,0.7,200000
1970,MFS,0.14,0
1970,MFS,0.15,500
1970,MFS,0.16,1000
1970,MFS,0.17,1500
1970,MFS,0.19,2000
1970,MFS,0.22,4000
1970,MFS,0.25,6000
1970,MFS,0.28,8000
1970,MFS,0.32,10000
1970,MFS,0.36,12000
1970,MFS,0.39,14000
1970,MFS,0.42,16000
1970,MFS,0.45,18000
1970,MFS,0.48,20000
1970,MFS,0.5,22000
1970,MFS,0.53,26000
1970,MFS,0.55,32000
1970,MFS,0.58,38000
1970,MFS,0.6,44000
1970,MFS,0.62,50000
1970,MFS,0.64,60000
1970,MFS,0.66,70000
1970,MFS,0.68,80000
1970,MFS,0.69,90000
1970,MFS,0.7,100000
1970,S,0.14,0
1970,S,0.15,500
1970,S,0.16,1000
1970,S,0.17,1500
1970,S,0.19,2000
1970,S,0.22,4000
1970,S,0.25,6000
1970,S,0.28,8000
1970,S,0.32,10000
1970,S,0.36,12000
1970,S,0.39,14000
1970,S,0.42,16000
1970,S,0.45,18000
1970,S,0.48,20000
1970,S,0.5,22000
1970,S,0.53,26000
1970,S,0.55,32000
1970,S,0.58,38000
1970,S,0.6,44000
1970,S,0.62,50000
1970,S,0.64,60000
1970,S,0.66,70000
1970,S,0.68,80000
1970,S,0.69,90000
1970,S,0.7,100000
1969,HOH,0.14,0
1969,HOH,0.16,1000
1969,HOH,0.18,2000
1969,HOH,0.2,4000
1969,HOH,0.22,6000
1969,HOH,0.25,8000
1969,HOH,0.27,10000
1969,HOH,0.31,12000
1969,HOH,0.32,14000
1969,HOH,0.35,16000
1969,HOH,0.36,18000
1969,HOH,0.4,20000
1969,HOH,0.41,22000
1969,HOH,0.43,24000
1969,HOH,0.45,26000
1969,HOH,0.46,28000
1969,HOH,0.48,32000
1969,HOH,0.5,36000
1969,HOH,0.52,38000
1969,HOH,0.53,40000
1969,HOH,0.55,44000
1969,HOH,0.56,50000
1969,HOH,0.58,52000
1969,HOH,0.59,64000
1969,HOH,0.61,70000
1969,HOH,0.62,76000
1969,HOH,0.63,80000
1969,HOH,0.64,88000
1969,HOH,0.66,100000
1969,HOH,0.67,120000
1969,HOH,0.68,140000
1969,HOH,0.69,160000
1969,HOH,0.7,180000
1969,MFJ,0.14,0
1969,MFJ,0.15,1000
1969,MFJ,0.16,2000
1969,MFJ,0.17,3000
1969,MFJ,0.19,4000
1969,MFJ,0.22,8000
1969,MFJ,0.25,12000
1969,MFJ,0.28,16000
1969,MFJ,0.32,20000
1969,MFJ,0.36,24000
1969,MFJ,0.39,28000
1969,MFJ,0.42,32000
1969,MFJ,0.45,36000
1969,MFJ,0.48,40000
1969,MFJ,0.5,44000
1969,MFJ,0.53,52000
1969,MFJ,0.55,64000
1969,MFJ,0.58,76000
1969,MFJ,0.6,88000
1969,MFJ,0.62,100000
1969,MFJ,0.64,120000
1969,MFJ,0.66,140000
1969,MFJ,0.68,160000
1969,MFJ,0.69,180000
1969,MFJ,0.7,200000
1969,MFS,0.14,0
1969,MFS,0.15,500
1969,MFS,0.16,1000
1969,MFS,0.17,1500
1969,MFS,0.19,2000
1969,MFS,0.22,4000
1969,MFS,0.25,6000
1969,MFS,0.28,8000
1969,MFS,0.32,10000
1969,MFS,0.36,12000
1969,MFS,0.39,14000
1969,MFS,0.42,16000
1969,MFS,0.45,18000
1969,MFS,0.48,20000
1969,MFS,0.5,22000
1969,MFS,0.53,26000
1969,MFS,0.55,32000
1969,MFS,0.58,38000
1969,MFS,0.6,44000
1969,MFS,0.62,50000
1969,MFS,0.64,60000
1969,MFS,0.66,70000
1969,MFS,0.68,80000
1969,MFS,0.69,90000
1969,MFS,0.7,100000
1969,S,0.14,0
1969,S,0.15,500
1969,S,0.16,1000
1969,S,0.17,1500
1969,S,0.19,2000
1969,S,0.22,4000
1969,S,0.25,6000
1969,S,0.28,8000
1969,S,0.32,10000
1969,S,0.36,12000
1969,S,0.39,14000
1969,S,0.42,16000
1969,S,0.45,18000
1969,S,0.48,20000
1969,S,0.5,22000
1969,S,0.53,26000
1969,S,0.55,32000
1969,S,0.58,38000
1969,S,0.6,44000
1969,S,0.62,50000
1969,S,0.64,60000
1969,S,0.66,70000
1969,S,0.68,80000
1969,S,0.69,90000
1969,S,0.7,100000
1968,HOH,0.14,0
1968,HOH,0.16,1000
1968,HOH,0.18,2000
1968,HOH,0.2,4000
1968,HOH,0.22,6000
1968,HOH,0.25,8000
1968,HOH,0.27,10000
1968,HOH,0.31,12000
1968,HOH,0.32,14000
1968,HOH,0.35,16000
1968,HOH,0.36,18000
1968,HOH,0.4,20000
1968,HOH,0.41,22000
1968,HOH,0.43,24000
1968,HOH,0.45,26000
1968,HOH,0.46,28000
1968,HOH,0.48,32000
1968,HOH,0.5,36000
1968,HOH,0.52,38000
1968,HOH,0.53,40000
1968,HOH,0.55,44000
1968,HOH,0.56,50000
1968,HOH,0.58,52000
1968,HOH,0.59,64000
1968,HOH,0.61,70000
1968,HOH,0.62,76000
1968,HOH,0.63,80000
1968,HOH,0.64,88000
1968,HOH,0.66,100000
1968,HOH,0.67,120000
1968,HOH,0.68,140000
1968,HOH,0.69,160000
1968,HOH,0.7,180000
1968,MFJ,0.14,0
1968,MFJ,0.15,1000
1968,MFJ,0.16,2000
1968,MFJ,0.17,3000
1968,MFJ,0.19,4000
1968,MFJ,0.22,8000
1968,MFJ,0.25,12000
1968,MFJ,0.28,16000
1968,MFJ,0.32,20000
1968,MFJ,0.36,24000
1968,MFJ,0.39,28000
1968,MFJ,0.42,32000
1968,MFJ,0.45,36000
1968,MFJ,0.48,40000
1968,MFJ,0.5,44000
1968,MFJ,0.53,52000
1968,MFJ,0.55,64000
1968,MFJ,0.58,76000
1968,MFJ,0.6,88000
1968,MFJ,0.62,100000
1968,MFJ,0.64,120000
1968,MFJ,0.66,140000
1968,MFJ,0.68,160000
1968,MFJ,0.69,180000
1968,MFJ,0.7,200000
1968,MFS,0.14,0
1968,MFS,0.15,500
1968,MFS,0.16,1000
1968,MFS,0.17,1500
1968,MFS,0.19,2000
1968,MFS,0.22,4000
1968,MFS,0.25,6000
1968,MFS,0.28,8000
1968,MFS,0.32,10000
1968,MFS,0.36,12000
1968,MFS,0.39,14000
1968,MFS,0.42,16000
1968,MFS,0.45,18000
1968,MFS,0.48,20000
1968,MFS,0.5,22000
1968,MFS,0.53,26000
1968,MFS,0.55,32000
1968,MFS,0.58,38000
1968,MFS,0.6,44000
1968,MFS,0.62,50000
1968,MFS,0.64,60000
1968,MFS,0.66,70000
1968,MFS,0.68,80000
1968,MFS,0.69,90000
1968,MFS,0.7,100000
1968,S,0.14,0
1968,S,0.15,500
1968,S,0.16,1000
1968,S,0.17,1500
1968,S,0.19,2000
1968,S,0.22,4000
1968,S,0.25,6000
1968,S,0.28,8000
1968,S,0.32,10000
1968,S,0.36,12000
1968,S,0.39,14000
1968,S,0.42,16000
1968,S,0.45,18000
1968,S,0.48,20000
1968,S,0.5,22000
1968,S,0.53,26000
1968,S,0.55,32000
1968,S,0.58,38000
1968,S,0.6,44000
1968,S,0.62,50000
1968,S,0.64,60000
1968,S,0.66,70000
1968,S,0.68,80000
1968,S,0.69,90000
1968,S,0.7,100000
1967,HOH,0.14,0
1967,HOH,0.16,1000
1967,HOH,0.18,2000
1967,HOH,0.2,4000
1967,HOH,0.22,6000
1967,HOH,0.25,8000
1967,HOH,0.27,10000
1967,HOH,0.31,12000
1967,HOH,0.32,14000
1967,HOH,0.35,16000
1967,HOH,0.36,18000
1967,HOH,0.4,20000
1967,HOH,0.41,22000
1967,HOH,0.43,24000
1967,HOH,0.45,26000
1967,HOH,0.46,28000
1967,HOH,0.48,32000
1967,HOH,0.5,36000
1967,HOH,0.52,38000
1967,HOH,0.53,40000
1967,HOH,0.55,44000
1967,HOH,0.56,50000
1967,HOH,0.58,52000
1967,HOH,0.59,64000
1967,HOH,0.61,70000
1967,HOH,0.62,76000
1967,HOH,0.63,80000
1967,HOH,0.64,88000
1967,HOH,0.66,100000
1967,HOH,0.67,120000
1967,HOH,0.68,140000
1967,HOH,0.69,160000
1967,HOH,0.7,180000
1967,MFJ,0.14,0
1967,MFJ,0.15,1000
1967,MFJ,0.16,2000
1967,MFJ,0.17,3000
1967,MFJ,0.19,4000
1967,MFJ,0.22,8000
1967,MFJ,0.25,12000
1967,MFJ,0.28,16000
1967,MFJ,0.32,20000
1967,MFJ,0.36,24000
1967,MFJ,0.39,28000
1967,MFJ,0.42,32000
1967,MFJ,0.45,36000
1967,MFJ,0.48,40000
1967,MFJ,0.5,44000
1967,MFJ,0.53,52000
1967,MFJ,0.55,64000
1967,MFJ,0.58,76000
1967,MFJ,0.6,88000
1967,MFJ,0.62,100000
1967,MFJ,0.64,120000
1967,MFJ,0.66,140000
1967,MFJ,0.68,160000
1967,MFJ,0.69,180000
1967,MFJ,0.7,200000
1967,MFS,0.14,0
1967,MFS,0.15,500
1967,MFS,0.16,1000
1967,MFS,0.17,1500
1967,MFS,0.19,2000
1967,MFS,0.22,4000
1967,MFS,0.25,6000
1967,MFS,0.28,8000
1967,MFS,0.32,10000
1967,MFS,0.36,12000
1967,MFS,0.39,14000
1967,MFS,0.42,16000
1967,MFS,0.45,18000
1967,MFS,0.48,20000
1967,MFS,0.5,22000
1967,MFS,0.53,26000
1967,MFS,0.55,32000
1967,MFS,0.58,38000
1967,MFS,0.6,44000
1967,MFS,0.62,50000
1967,MFS,0.64,60000
1967,MFS,0.66,70000
1967,MFS,0.68,80000
1967,MFS,0.69,90000
1967,MFS,0.7,100000
1967,S,0.14,0
1967,S,0.15,500
1967,S,0.16,1000
1967,S,0.17,1500
1967,S,0.19,2000
1967,S,0.22,4000
1967,S,0.25,6000
1967,S,0.28,8000
1967,S,0.32,10000
1967,S,0.36,12000
1967,S,0.39,14000
1967,S,0.42,16000
1967,S,0.45,18000
1967,S,0.48,20000
1967,S,0.5,22000
1967,S,0.53,26000
1967,S,0.55,32000
1967,S,0.58,38000
1967,S,0.6,44000
1967,S,0.62,50000
1967,S,0.64,60000
1967,S,0.66,70000
1967,S,0.68,80000
1967,S,0.69,90000
1967,S,0.7,100000
1966,HOH,0.14,0
1966,HOH,0.16,1000
1966,HOH,0.18,2000
1966,HOH,0.2,4000
1966,HOH,0.22,6000
1966,HOH,0.25,8000
1966,HOH,0.27,10000
1966,HOH,0.31,12000
1966,HOH,0.32,14000
1966,HOH,0.35,16000
1966,HOH,0.36,18000
1966,HOH,0.4,20000
1966,HOH,0.41,22000
1966,HOH,0.43,24000
1966,HOH,0.45,26000
1966,HOH,0.46,28000
1966,HOH,0.48,32000
1966,HOH,0.5,36000
1966,HOH,0.52,38000
1966,HOH,0.53,40000
1966,HOH,0.55,44000
1966,HOH,0.56,50000
1966,HOH,0.58,52000
1966,HOH,0.59,64000
1966,HOH,0.61,70000
1966,HOH,0.62,76000
1966,HOH,0.63,80000
1966,HOH,0.64,88000
1966,HOH,0.66,100000
1966,HOH,0.67,120000
1966,HOH,0.68,140000
1966,HOH,0.69,160000
1966,HOH,0.7,180000
1966,MFJ,0.14,0
1966,MFJ,0.15,1000
1966,MFJ,0.16,2000
1966,MFJ,0.17,3000
1966,MFJ,0.19,4000
1966,MFJ,0.22,8000
1966,MFJ,0.25,12000
1966,MFJ,0.28,16000
1966,MFJ,0.32,20000
1966,MFJ,0.36,24000
1966,MFJ,0.39,28000
1966,MFJ,0.42,32000
1966,MFJ,0.45,36000
1966,MFJ,0.48,40000
1966,MFJ,0.5,44000
1966,MFJ,0.53,52000
1966,MFJ,0.55,64000
1966,MFJ,0.58,76000
1966,MFJ,0.6,88000
1966,MFJ,0.62,100000
1966,MFJ,0.64,120000
1966,MFJ,0.66,140000
1966,MFJ,0.68,160000
1966,MFJ,0.69,180000
1966,MFJ,0.7,200000
1966,MFS,0.14,0
1966,MFS,0.15,500
1966,MFS,0.16,1000
1966,MFS,0.17,1500
1966,MFS,0.19,2000
1966,MFS,0.22,4000
1966,MFS,0.25,6000
1966,MFS,0.28,8000
1966,MFS,0.32,10000
1966,MFS,0.36,12000
1966,MFS,0.39,14000
1966,MFS,0.42,16000
1966,MFS,0.45,18000
1966,MFS,0.48,20000
1966,MFS,0.5,22000
1966,MFS,0.53,26000
1966,MFS,0.55,32000
1966,MFS,0.58,38000
1966,MFS,0.6,44000
1966,MFS,0.62,50000
1966,MFS,0.64,60000
1966,MFS,0.66,70000
1966,MFS,0.68,80000
1966,MFS,0.69,90000
1966,MFS,0.7,100000
1966,S,0.14,0
1966,S,0.15,500
1966,S,0.16,1000
1966,S,0.17,1500
1966,S,0.19,2000
1966,S,0.22,4000
1966,S,0.25,6000
1966,S,0.28,8000
1966,S,0.32,10000
1966,S,0.36,12000
1966,S,0.39,14000
1966,S,0.42,16000
1966,S,0.45,18000
1966,S,0.48,20000
1966,S,0.5,22000
1966,S,0.53,26000
1966,S,0.55,32000
1966,S,0.58,38000
1966,S,0.6,44000
1966,S,0.62,50000
1966,S,0.64,60000
1966,S,0.66,70000
1966,S,0.68,80000
1966,S,0.69,90000
1966,S,0.7,100000
1965,HOH,0.14,0
1965,HOH,0.16,1000
1965,HOH,0.18,2000
1965,HOH,0.2,4000
1965,HOH,0.22,6000
1965,HOH,0.25,8000
1965,HOH,0.27,10000
1965,HOH,0.31,12000
1965,HOH,0.32,14000
1965,HOH,0.35,16000
1965,HOH,0.36,18000
1965,HOH,0.4,20000
1965,HOH,0.41,22000
1965,HOH,0.43,24000
1965,HOH,0.45,26000
1965,HOH,0.46,28000
1965,HOH,0.48,32000
1965,HOH,0.5,36000
1965,HOH,0.52,38000
1965,HOH,0.53,40000
1965,HOH,0.55,44000
1965,HOH,0.56,50000
1965,HOH,0.58,52000
1965,HOH,0.59,64000
1965,HOH,0.61,70000
1965,HOH,0.62,76000
1965,HOH,0.63,80000
1965,HOH,0.64,88000
1965,HOH,0.66,100000
1965,HOH,0.67,120000
1965,HOH,0.68,140000
1965,HOH,0.69,160000
1965,HOH,0.7,180000
1965,MFJ,0.14,0
1965,MFJ,0.15,1000
1965,MFJ,0.16,2000
1965,MFJ,0.17,3000
1965,MFJ,0.19,4000
1965,MFJ,0.22,8000
1965,MFJ,0.25,12000
1965,MFJ,0.28,16000
1965,MFJ,0.32,20000
1965,MFJ,0.36,24000
1965,MFJ,0.39,28000
1965,MFJ,0.42,32000
1965,MFJ,0.45,36000
1965,MFJ,0.48,40000
1965,MFJ,0.5,44000
1965,MFJ,0.53,52000
1965,MFJ,0.55,64000
1965,MFJ,0.58,76000
1965,MFJ,0.6,88000
1965,MFJ,0.62,100000
1965,MFJ,0.64,120000
1965,MFJ,0.66,140000
1965,MFJ,0.68,160000
1965,MFJ,0.69,180000
1965,MFJ,0.7,200000
1965,MFS,0.14,0
1965,MFS,0.15,500
1965,MFS,0.16,1000
1965,MFS,0.17,1500
1965,MFS,0.19,2000
1965,MFS,0.22,4000
1965,MFS,0.25,6000
1965,MFS,0.28,8000
1965,MFS,0.32,10000
1965,MFS,0.36,12000
1965,MFS,0.39,14000
1965,MFS,0.42,16000
1965,MFS,0.45,18000
1965,MFS,0.48,20000
1965,MFS,0.5,22000
1965,MFS,0.53,26000
1965,MFS,0.55,32000
1965,MFS,0.58,38000
1965,MFS,0.6,44000
1965,MFS,0.62,50000
1965,MFS,0.64,60000
1965,MFS,0.66,70000
1965,MFS,0.68,80000
1965,MFS,0.69,90000
1965,MFS,0.7,100000
1965,S,0.14,0
1965,S,0.15,500
1965,S,0.16,1000
1965,S,0.17,1500
1965,S,0.19,2000
1965,S,0.22,4000
1965,S,0.25,6000
1965,S,0.28,8000
1965,S,0.32,10000
1965,S,0.36,12000
1965,S,0.39,14000
1965,S,0.42,16000
1965,S,0.45,18000
1965,S,0.48,20000
1965,S,0.5,22000
1965,S,0.53,26000
1965,S,0.55,32000
1965,S,0.58,38000
1965,S,0.6,44000
1965,S,0.62,50000
1965,S,0.64,60000
1965,S,0.66,70000
1965,S,0.68,80000
1965,S,0.69,90000
1965,S,0.7,100000
1964,HOH,0.16,0
1964,HOH,0.175,1000
1964,HOH,0.19,2000
1964,HOH,0.22,4000
1964,HOH,0.23,6000
1964,HOH,0.27,8000
1964,HOH,0.29,10000
1964,HOH,0.32,12000
1964,HOH,0.34,14000
1964,HOH,0.375,16000
1964,HOH,0.39,18000
1964,HOH,0.425,20000
1964,HOH,0.435,22000
1964,HOH,0.455,24000
1964,HOH,0.47,26000
1964,HOH,0.485,28000
1964,HOH,0.515,32000
1964,HOH,0.53,36000
1964,HOH,0.54,38000
1964,HOH,0.56,40000
1964,HOH,0.585,44000
1964,HOH,0.595,50000
1964,HOH,0.61,52000
1964,HOH,0.62,60000
1964,HOH,0.635,64000
1964,HOH,0.65,70000
1964,HOH,0.66,76000
1964,HOH,0.67,80000
1964,HOH,0.69,88000
1964,HOH,0.695,90000
1964,HOH,0.71,100000
1964,HOH,0.725,120000
1964,HOH,0.74,140000
1964,HOH,0.75,160000
1964,HOH,0.755,180000
1964,HOH,0.77,200000
1964,MFJ,0.16,0
1964,MFJ,0.165,1000
1964,MFJ,0.175,2000
1964,MFJ,0.18,3000
1964,MFJ,0.2,4000
1964,MFJ,0.235,8000
1964,MFJ,0.27,12000
1964,MFJ,0.305,16000
1964,MFJ,0.34,20000
1964,MFJ,0.375,24000
1964,MFJ,0.41,28000
1964,MFJ,0.445,32000
1964,MFJ,0.475,36000
1964,MFJ,0.505,40000
1964,MFJ,0.535,44000
1964,MFJ,0.56,52000
1964,MFJ,0.585,64000
1964,MFJ,0.61,76000
1964,MFJ,0.635,88000
1964,MFJ,0.66,100000
1964,MFJ,0.685,120000
1964,MFJ,0.71,140000
1964,MFJ,0.735,160000
1964,MFJ,0.75,180000
1964,MFJ,0.765,200000
1964,MFJ,0.77,400000
1964,MFS,0.16,0
1964,MFS,0.165,500
1964,MFS,0.175,1000
1964,MFS,0.18,1500
1964,MFS,0.2,2000
1964,MFS,0.235,4000
1964,MFS,0.27,6000
1964,MFS,0.305,8000
1964,MFS,0.34,10000
1964,MFS,0.375,12000
1964,MFS,0.41,14000
1964,MFS,0.445,16000
1964,MFS,0.475,18000
1964,MFS,0.505,20000
1964,MFS,0.535,22000
1964,MFS,0.56,26000
1964,MFS,0.585,32000
1964,MFS,0.61,38000
1964,MFS,0.635,44000
1964,MFS,0.66,50000
1964,MFS,0.685,60000
1964,MFS,0.71,70000
1964,MFS,0.735,80000
1964,MFS,0.75,90000
1964,MFS,0.765,100000
1964,MFS,0.77,200000
1964,S,0.16,0
1964,S,0.165,500
1964,S,0.175,1000
1964,S,0.18,1500
1964,S,0.2,2000
1964,S,0.235,4000
1964,S,0.27,6000
1964,S,0.305,8000
1964,S,0.34,10000
1964,S,0.375,12000
1964,S,0.41,14000
1964,S,0.445,16000
1964,S,0.475,18000
1964,S,0.505,20000
1964,S,0.535,22000
1964,S,0.56,26000
1964,S,0.585,32000
1964,S,0.61,38000
1964,S,0.635,44000
1964,S,0.66,50000
1964,S,0.685,60000
1964,S,0.71,70000
1964,S,0.735,80000
1964,S,0.75,90000
1964,S,0.765,100000
1964,S,0.77,200000
1963,HOH,0.2,0
1963,HOH,0.21,2000
1963,HOH,0.24,4000
1963,HOH,0.26,6000
1963,HOH,0.3,8000
1963,HOH,0.32,10000
1963,HOH,0.36,12000
1963,HOH,0.39,14000
1963,HOH,0.42,16000
1963,HOH,0.43,18000
1963,HOH,0.47,20000
1963,HOH,0.49,22000
1963,HOH,0.52,24000
1963,HOH,0.54,28000
1963,HOH,0.58,32000
1963,HOH,0.62,38000
1963,HOH,0.66,44000
1963,HOH,0.68,50000
1963,HOH,0.71,60000
1963,HOH,0.74,70000
1963,HOH,0.76,80000
1963,HOH,0.8,90000
1963,HOH,0.83,100000
1963,HOH,0.87,150000
1963,HOH,0.9,200000
1963,HOH,0.91,300000
1963,MFJ,0.2,0
1963,MFJ,0.22,4000
1963,MFJ,0.26,8000
1963,MFJ,0.3,12000
1963,MFJ,0.34,16000
1963,MFJ,0.38,20000
1963,MFJ,0.43,24000
1963,MFJ,0.47,28000
1963,MFJ,0.5,32000
1963,MFJ,0.53,36000
1963,MFJ,0.56,40000
1963,MFJ,0.59,44000
1963,MFJ,0.62,52000
1963,MFJ,0.65,64000
1963,MFJ,0.69,76000
1963,MFJ,0.72,88000
1963,MFJ,0.75,100000
1963,MFJ,0.78,120000
1963,MFJ,0.81,140000
1963,MFJ,0.84,160000
1963,MFJ,0.87,180000
1963,MFJ,0.89,200000
1963,MFJ,0.9,300000
1963,MFJ,0.91,400000
1963,MFS,0.2,0
1963,MFS,0.22,2000
1963,MFS,0.26,4000
1963,MFS,0.3,6000
1963,MFS,0.34,8000
1963,MFS,0.38,10000
1963,MFS,0.43,12000
1963,MFS,0.47,14000
1963,MFS,0.5,16000
1963,MFS,0.53,18000
1963,MFS,0.56,20000
1963,MFS,0.59,22000
1963,MFS,0.62,26000
1963,MFS,0.65,32000
1963,MFS,0.69,38000
1963,MFS,0.72,44000
1963,MFS,0.75,50000
1963,MFS,0.78,60000
1963,MFS,0.81,70000
1963,MFS,0.84,80000
1963,MFS,0.87,90000
1963,MFS,0.89,100000
1963,MFS,0.9,150000
1963,MFS,0.91,200000
1963,S,0.2,0
1963,S,0.22,2000
1963,S,0.26,4000
1963,S,0.3,6000
1963,S,0.34,8000
1963,S,0.38,10000
1963,S,0.43,12000
1963,S,0.47,14000
1963,S,0.5,16000
1963,S,0.53,18000
1963,S,0.56,20000
1963,S,0.59,22000
1963,S,0.62,26000
1963,S,0.65,32000
1963,S,0.69,38000
1963,S,0.72,44000
1963,S,0.75,50000
1963,S,0.78,60000
1963,S,0.81,70000
1963,S,0.84,80000
1963,S,0.87,90000
1963,S,0.89,100000
1963,S,0.9,150000
1963,S,0.91,200000
1962,HOH,0.2,0
1962,HOH,0.21,2000
1962,HOH,0.24,4000
1962,HOH,0.26,6000
1962,HOH,0.3,8000
1962,HOH,0.32,10000
1962,HOH,0.36,12000
1962,HOH,0.39,14000
1962,HOH,0.42,16000
1962,HOH,0.43,18000
1962,HOH,0.47,20000
1962,HOH,0.49,22000
1962,HOH,0.52,24000
1962,HOH,0.54,28000
1962,HOH,0.58,32000
1962,HOH,0.62,38000
1962,HOH,0.66,44000
1962,HOH,0.68,50000
1962,HOH,0.71,60000
1962,HOH,0.74,70000
1962,HOH,0.76,80000
1962,HOH,0.8,90000
1962,HOH,0.83,100000
1962,HOH,0.87,150000
1962,HOH,0.9,200000
1962,HOH,0.91,300000
1962,MFJ,0.2,0
1962,MFJ,0.22,4000
1962,MFJ,0.26,8000
1962,MFJ,0.3,12000
1962,MFJ,0.34,16000
1962,MFJ,0.38,20000
1962,MFJ,0.43,24000
1962,MFJ,0.47,28000
1962,MFJ,0.5,32000
1962,MFJ,0.53,36000
1962,MFJ,0.56,40000
1962,MFJ,0.59,44000
1962,MFJ,0.62,52000
1962,MFJ,0.65,64000
1962,MFJ,0.69,76000
1962,MFJ,0.72,88000
1962,MFJ,0.75,100000
1962,MFJ,0.78,120000
1962,MFJ,0.81,140000
1962,MFJ,0.84,160000
1962,MFJ,0.87,180000
1962,MFJ,0.89,200000
1962,MFJ,0.9,300000
1962,MFJ,0.91,400000
1962,MFS,0.2,0
1962,MFS,0.22,2000
1962,MFS,0.26,4000
1962,MFS,0.3,6000
1962,MFS,0.34,8000
1962,MFS,0.38,10000
1962,MFS,0.43,12000
1962,MFS,0.47,14000
1962,MFS,0.5,16000
1962,MFS,0.53,18000
1962,MFS,0.56,20000
1962,MFS,0.59,22000
1962,MFS,0.62,26000
1962,MFS,0.65,32000
1962,MFS,0.69,38000
1962,MFS,0.72,44000
1962,MFS,0.75,50000
1962,MFS,0.78,60000
1962,MFS,0.81,70000
1962,MFS,0.84,80000
1962,MFS,0.87,90000
1962,MFS,0.89,100000
1962,MFS,0.9,150000
1962,MFS,0.91,200000
1962,S,0.2,0
1962,S,0.22,2000
1962,S,0.26,4000
1962,S,0.3,6000
1962,S,0.34,8000
1962,S,0.38,10000
1962,S,0.43,12000
1962,S,0.47,14000
1962,S,0.5,16000
1962,S,0.53,18000
1962,S,0.56,20000
1962,S,0.59,22000
1962,S,0.62,26000
1962,S,0.65,32000
1962,S,0.69,38000
1962,S,0.72,44000
1962,S,0.75,50000
1962,S,0.78,60000
1962,S,0.81,70000
1962,S,0.84,80000
1962,S,0.87,90000
1962,S,0.89,100000
1962,S,0.9,150000
1962,S,0.91,200000
1961,HOH,0.2,0
1961,HOH,0.21,2000
1961,HOH,0.24,4000
1961,HOH,0.26,6000
1961,HOH,0.3,8000
1961,HOH,0.32,10000
1961,HOH,0.36,12000
1961,HOH,0.39,14000
1961,HOH,0.42,16000
1961,HOH,0.43,18000
1961,HOH,0.47,20000
1961,HOH,0.49,22000
1961,HOH,0.52,24000
1961,HOH,0.54,28000
1961,HOH,0.58,32000
1961,HOH,0.62,38000
1961,HOH,0.66,44000
1961,HOH,0.68,50000
1961,HOH,0.71,60000
1961,HOH,0.74,70000
1961,HOH,0.76,80000
1961,HOH,0.8,90000
1961,HOH,0.83,100000
1961,HOH,0.87,150000
1961,HOH,0.9,200000
1961,HOH,0.91,300000
1961,MFJ,0.2,0
1961,MFJ,0.22,4000
1961,MFJ,0.26,8000
1961,MFJ,0.3,12000
1961,MFJ,0.34,16000
1961,MFJ,0.38,20000
1961,MFJ,0.43,24000
1961,MFJ,0.47,28000
1961,MFJ,0.5,32000
1961,MFJ,0.53,36000
1961,MFJ,0.56,40000
1961,MFJ,0.59,44000
1961,MFJ,0.62,52000
1961,MFJ,0.65,64000
1961,MFJ,0.69,76000
1961,MFJ,0.72,88000
1961,MFJ,0.75,100000
1961,MFJ,0.78,120000
1961,MFJ,0.81,140000
1961,MFJ,0.84,160000
1961,MFJ,0.87,180000
1961,MFJ,0.89,200000
1961,MFJ,0.9,300000
1961,MFJ,0.91,400000
1961,MFS,0.2,0
1961,MFS,0.22,2000
1961,MFS,0.26,4000
1961,MFS,0.3,6000
1961,MFS,0.34,8000
1961,MFS,0.38,10000
1961,MFS,0.43,12000
1961,MFS,0.47,14000
1961,MFS,0.5,16000
1961,MFS,0.53,18000
1961,MFS,0.56,20000
1961,MFS,0.59,22000
1961,MFS,0.62,26000
1961,MFS,0.65,32000
1961,MFS,0.69,38000
1961,MFS,0.72,44000
1961,MFS,0.75,50000
1961,MFS,0.78,60000
1961,MFS,0.81,70000
1961,MFS,0.84,80000
1961,MFS,0.87,90000
1961,MFS,0.89,100000
1961,MFS,0.9,150000
1961,MFS,0.91,200000
1961,S,0.2,0
1961,S,0.22,2000
1961,S,0.26,4000
1961,S,0.3,6000
1961,S,0.34,8000
1961,S,0.38,10000
1961,S,0.43,12000
1961,S,0.47,14000
1961,S,0.5,16000
1961,S,0.53,18000
1961,S,0.56,20000
1961,S,0.59,22000
1961,S,0.62,26000
1961,S,0.65,32000
1961,S,0.69,38000
1961,S,0.72,44000
1961,S,0.75,50000
1961,S,0.78,60000
1961,S,0.81,70000
1961,S,0.84,80000
1961,S,0.87,90000
1961,S,0.89,100000
1961,S,0.9,150000
1961,S,0.91,200000
1960,HOH,0.2,0
1960,HOH,0.21,2000
1960,HOH,0.24,4000
1960,HOH,0.26,6000
1960,HOH,0.3,8000
1960,HOH,0.32,10000
1960,HOH,0.36,12000
1960,HOH,0.39,14000
1960,HOH,0.42,16000
1960,HOH,0.43,18000
1960,HOH,0.47,20000
1960,HOH,0.49,22000
1960,HOH,0.52,24000
1960,HOH,0.54,28000
1960,HOH,0.58,32000
1960,HOH,0.62,38000
1960,HOH,0.66,44000
1960,HOH,0.68,50000
1960,HOH,0.71,60000
1960,HOH,0.74,70000
1960,HOH,0.76,80000
1960,HOH,0.8,90000
1960,HOH,0.83,100000
1960,HOH,0.87,150000
1960,HOH,0.9,200000
1960,HOH,0.91,300000
1960,MFJ,0.2,0
1960,MFJ,0.22,4000
1960,MFJ,0.26,8000
1960,MFJ,0.3,12000
1960,MFJ,0.34,16000
1960,MFJ,0.38,20000
1960,MFJ,0.43,24000
1960,MFJ,0.47,28000
1960,MFJ,0.5,32000
1960,MFJ,0.53,36000
1960,MFJ,0.56,40000
1960,MFJ,0.59,44000
1960,MFJ,0.62,52000
1960,MFJ,0.65,64000
1960,MFJ,0.69,76000
1960,MFJ,0.72,88000
1960,MFJ,0.75,100000
1960,MFJ,0.78,120000
1960,MFJ,0.81,140000
1960,MFJ,0.84,160000
1960,MFJ,0.87,180000
1960,MFJ,0.89,200000
1960,MFJ,0.9,300000
1960,MFJ,0.91,400000
1960,MFS,0.2,0
1960,MFS,0.22,2000
1960,MFS,0.26,4000
1960,MFS,0.3,6000
1960,MFS,0.34,8000
1960,MFS,0.38,10000
1960,MFS,0.43,12000
1960,MFS,0.47,14000
1960,MFS,0.5,16000
1960,MFS,0.53,18000
1960,MFS,0.56,20000
1960,MFS,0.59,22000
1960,MFS,0.62,26000
1960,MFS,0.65,32000
1960,MFS,0.69,38000
1960,MFS,0.72,44000
1960,MFS,0.75,50000
1960,MFS,0.78,60000
1960,MFS,0.81,70000
1960,MFS,0.84,80000
1960,MFS,0.87,90000
1960,MFS,0.89,100000
1960,MFS,0.9,150000
1960,MFS,0.91,200000
1960,S,0.2,0
1960,S,0.22,2000
1960,S,0.26,4000
1960,S,0.3,6000
1960,S,0.34,8000
1960,S,0.38,10000
1960,S,0.43,12000
1960,S,0.47,14000
1960,S,0.5,16000
1960,S,0.53,18000
1960,S,0.56,20000
1960,S,0.59,22000
1960,S,0.62,26000
1960,S,0.65,32000
1960,S,0.69,38000
1960,S,0.72,44000
1960,S,0.75,50000
1960,S,0.78,60000
1960,S,0.81,70000
1960,S,0.84,80000
1960,S,0.87,90000
1960,S,0.89,100000
1960,S,0.9,150000
1960,S,0.91,200000
1959,HOH,0.2,0
1959,HOH,0.21,2000
1959,HOH,0.24,4000
1959,HOH,0.26,6000
1959,HOH,0.3,8000
1959,HOH,0.32,10000
1959,HOH,0.36,12000
1959,HOH,0.39,14000
1959,HOH,0.42,16000
1959,HOH,0.43,18000
1959,HOH,0.47,20000
1959,HOH,0.49,22000
1959,HOH,0.52,24000
1959,HOH,0.54,28000
1959,HOH,0.58,32000
1959,HOH,0.62,38000
1959,HOH,0.66,44000
1959,HOH,0.68,50000
1959,HOH,0.71,60000
1959,HOH,0.74,70000
1959,HOH,0.76,80000
1959,HOH,0.8,90000
1959,HOH,0.83,100000
1959,HOH,0.87,150000
1959,HOH,0.9,200000
1959,HOH,0.91,300000
1959,MFJ,0.2,0
1959,MFJ,0.22,4000
1959,MFJ,0.26,8000
1959,MFJ,0.3,12000
1959,MFJ,0.34,16000
1959,MFJ,0.38,20000
1959,MFJ,0.43,24000
1959,MFJ,0.47,28000
1959,MFJ,0.5,32000
1959,MFJ,0.53,36000
1959,MFJ,0.56,40000
1959,MFJ,0.59,44000
1959,MFJ,0.62,52000
1959,MFJ,0.65,64000
1959,MFJ,0.69,76000
1959,MFJ,0.72,88000
1959,MFJ,0.75,100000
1959,MFJ,0.78,120000
1959,MFJ,0.81,140000
1959,MFJ,0.84,160000
1959,MFJ,0.87,180000
1959,MFJ,0.89,200000
1959,MFJ,0.9,300000
1959,MFJ,0.91,400000
1959,MFS,0.2,0
1959,MFS,0.22,2000
1959,MFS,0.26,4000
1959,MFS,0.3,6000
1959,MFS,0.34,8000
1959,MFS,0.38,10000
1959,MFS,0.43,12000
1959,MFS,0.47,14000
1959,MFS,0.5,16000
1959,MFS,0.53,18000
1959,MFS,0.56,20000
1959,MFS,0.59,22000
1959,MFS,0.62,26000
1959,MFS,0.65,32000
1959,MFS,0.69,38000
1959,MFS,0.72,44000
1959,MFS,0.75,50000
1959,MFS,0.78,60000
1959,MFS,0.81,70000
1959,MFS,0.84,80000
1959,MFS,0.87,90000
1959,MFS,0.89,100000
1959,MFS,0.9,150000
1959,MFS,0.91,200000
1959,S,0.2,0
1959,S,0.22,2000
1959,S,0.26,4000
1959,S,0.3,6000
1959,S,0.34,8000
1959,S,0.38,10000
1959,S,0.43,12000
1959,S,0.47,14000
1959,S,0.5,16000
1959,S,0.53,18000
1959,S,0.56,20000
1959,S,0.59,22000
1959,S,0.62,26000
1959,S,0.65,32000
1959,S,0.69,38000
1959,S,0.72,44000
1959,S,0.75,50000
1959,S,0.78,60000
1959,S,0.81,70000
1959,S,0.84,80000
1959,S,0.87,90000
1959,S,0.89,100000
1959,S,0.9,150000
1959,S,0.91,200000
1958,HOH,0.2,0
1958,HOH,0.21,2000
1958,HOH,0.24,4000
1958,HOH,0.26,6000
1958,HOH,0.3,8000
1958,HOH,0.32,10000
1958,HOH,0.36,12000
1958,HOH,0.39,14000
1958,HOH,0.42,16000
1958,HOH,0.43,18000
1958,HOH,0.47,20000
1958,HOH,0.49,22000
1958,HOH,0.52,24000
1958,HOH,0.54,28000
1958,HOH,0.58,32000
1958,HOH,0.62,38000
1958,HOH,0.66,44000
1958,HOH,0.68,50000
1958,HOH,0.71,60000
1958,HOH,0.74,70000
1958,HOH,0.76,80000
1958,HOH,0.8,90000
1958,HOH,0.83,100000
1958,HOH,0.87,150000
1958,HOH,0.9,200000
1958,HOH,0.91,300000
1958,MFJ,0.2,0
1958,MFJ,0.22,4000
1958,MFJ,0.26,8000
1958,MFJ,0.3,12000
1958,MFJ,0.34,16000
1958,MFJ,0.38,20000
1958,MFJ,0.43,24000
1958,MFJ,0.47,28000
1958,MFJ,0.5,32000
1958,MFJ,0.53,36000
1958,MFJ,0.56,40000
1958,MFJ,0.59,44000
1958,MFJ,0.62,52000
1958,MFJ,0.65,64000
1958,MFJ,0.69,76000
1958,MFJ,0.72,88000
1958,MFJ,0.75,100000
1958,MFJ,0.78,120000
1958,MFJ,0.81,140000
1958,MFJ,0.84,160000
1958,MFJ,0.87,180000
1958,MFJ,0.89,200000
1958,MFJ,0.9,300000
1958,MFJ,0.91,400000
1958,MFS,0.2,0
1958,MFS,0.22,2000
1958,MFS,0.26,4000
1958,MFS,0.3,6000
1958,MFS,0.34,8000
1958,MFS,0.38,10000
1958,MFS,0.43,12000
1958,MFS,0.47,14000
1958,MFS,0.5,16000
1958,MFS,0.53,18000
1958,MFS,0.56,20000
1958,MFS,0.59,22000
1958,MFS,0.62,26000
1958,MFS,0.65,32000
1958,MFS,0.69,38000
1958,MFS,0.72,44000
1958,MFS,0.75,50000
1958,MFS,0.78,60000
1958,MFS,0.81,70000
1958,MFS,0.84,80000
1958,MFS,0.87,90000
1958,MFS,0.89,100000
1958,MFS,0.9,150000
1958,MFS,0.91,200000
1958,S,0.2,0
1958,S,0.22,2000
1958,S,0.26,4000
1958,S,0.3,6000
1958,S,0.34,8000
1958,S,0.38,10000
1958,S,0.43,12000
1958,S,0.47,14000
1958,S,0.5,16000
1958,S,0.53,18000
1958,S,0.56,20000
1958,S,0.59,22000
1958,S,0.62,26000
1958,S,0.65,32000
1958,S,0.69,38000
1958,S,0.72,44000
1958,S,0.75,50000
1958,S,0.78,60000
1958,S,0.81,70000
1958,S,0.84,80000
1958,S,0.87,90000
1958,S,0.89,100000
1958,S,0.9,150000
1958,S,0.91,200000
1957,HOH,0.2,0
1957,HOH,0.21,2000
1957,HOH,0.24,4000
1957,HOH,0.26,6000
1957,HOH,0.3,8000
1957,HOH,0.32,10000
1957,HOH,0.36,12000
1957,HOH,0.39,14000
1957,HOH,0.42,16000
1957,HOH,0.43,18000
1957,HOH,0.47,20000
1957,HOH,0.49,22000
1957,HOH,0.52,24000
1957,HOH,0.54,28000
1957,HOH,0.58,32000
1957,HOH,0.62,38000
1957,HOH,0.66,44000
1957,HOH,0.68,50000
1957,HOH,0.71,60000
1957,HOH,0.74,70000
1957,HOH,0.76,80000
1957,HOH,0.8,90000
1957,HOH,0.83,100000
1957,HOH,0.87,150000
1957,HOH,0.9,200000
1957,HOH,0.91,300000
1957,MFJ,0.2,0
1957,MFJ,0.22,4000
1957,MFJ,0.26,8000
1957,MFJ,0.3,12000
1957,MFJ,0.34,16000
1957,MFJ,0.38,20000
1957,MFJ,0.43,24000
1957,MFJ,0.47,28000
1957,MFJ,0.5,32000
1957,MFJ,0.53,36000
1957,MFJ,0.56,40000
1957,MFJ,0.59,44000
1957,MFJ,0.62,52000
1957,MFJ,0.65,64000
1957,MFJ,0.69,76000
1957,MFJ,0.72,88000
1957,MFJ,0.75,100000
1957,MFJ,0.78,120000
1957,MFJ,0.81,140000
1957,MFJ,0.84,160000
1957,MFJ,0.87,180000
1957,MFJ,0.89,200000
1957,MFJ,0.9,300000
1957,MFJ,0.91,400000
1957,MFS,0.2,0
1957,MFS,0.22,2000
1957,MFS,0.26,4000
1957,MFS,0.3,6000
1957,MFS,0.34,8000
1957,MFS,0.38,10000
1957,MFS,0.43,12000
1957,MFS,0.47,14000
1957,MFS,0.5,16000
1957,MFS,0.53,18000
1957,MFS,0.56,20000
1957,MFS,0.59,22000
1957,MFS,0.62,26000
1957,MFS,0.65,32000
1957,MFS,0.69,38000
1957,MFS,0.72,44000
1957,MFS,0.75,50000
1957,MFS,0.78,60000
1957,MFS,0.81,70000
1957,MFS,0.84,80000
1957,MFS,0.87,90000
1957,MFS,0.89,100000
1957,MFS,0.9,150000
1957,MFS,0.91,200000
1957,S,0.2,0
1957,S,0.22,2000
1957,S,0.26,4000
1957,S,0.3,6000
1957,S,0.34,8000
1957,S,0.38,10000
1957,S,0.43,12000
1957,S,0.47,14000
1957,S,0.5,16000
1957,S,0.53,18000
1957,S,0.56,20000
1957,S,0.59,22000
1957,S,0.62,26000
1957,S,0.65,32000
1957,S,0.69,38000
1957,S,0.72,44000
1957,S,0.75,50000
1957,S,0.78,60000
1957,S,0.81,70000
1957,S,0.84,80000
1957,S,0.87,90000
1957,S,0.89,100000
1957,S,0.9,150000
1957,S,0.91,200000
1956,HOH,0.2,0
1956,HOH,0.21,2000
1956,HOH,0.24,4000
1956,HOH,0.26,6000
1956,HOH,0.3,8000
1956,HOH,0.32,10000
1956,HOH,0.36,12000
1956,HOH,0.39,14000
1956,HOH,0.42,16000
1956,HOH,0.43,18000
1956,HOH,0.47,20000
1956,HOH,0.49,22000
1956,HOH,0.52,24000
1956,HOH,0.54,28000
1956,HOH,0.58,32000
1956,HOH,0.62,38000
1956,HOH,0.66,44000
1956,HOH,0.68,50000
1956,HOH,0.71,60000
1956,HOH,0.74,70000
1956,HOH,0.76,80000
1956,HOH,0.8,90000
1956,HOH,0.83,100000
1956,HOH,0.87,150000
1956,HOH,0.9,200000
1956,HOH,0.91,300000
1956,MFJ,0.2,0
1956,MFJ,0.22,4000
1956,MFJ,0.26,8000
1956,MFJ,0.3,12000
1956,MFJ,0.34,16000
1956,MFJ,0.38,20000
1956,MFJ,0.43,24000
1956,MFJ,0.47,28000
1956,MFJ,0.5,32000
1956,MFJ,0.53,36000
1956,MFJ,0.56,40000
1956,MFJ,0.59,44000
1956,MFJ,0.62,52000
1956,MFJ,0.65,64000
1956,MFJ,0.69,76000
1956,MFJ,0.72,88000
1956,MFJ,0.75,100000
1956,MFJ,0.78,120000
1956,MFJ,0.81,140000
1956,MFJ,0.84,160000
1956,MFJ,0.87,180000
1956,MFJ,0.89,200000
1956,MFJ,0.9,300000
1956,MFJ,0.91,400000
1956,MFS,0.2,0
1956,MFS,0.22,2000
1956,MFS,0.26,4000
1956,MFS,0.3,6000
1956,MFS,0.34,8000
1956,MFS,0.38,10000
1956,MFS,0.43,12000
1956,MFS,0.47,14000
1956,MFS,0.5,16000
1956,MFS,0.53,18000
1956,MFS,0.56,20000
1956,MFS,0.59,22000
1956,MFS,0.62,26000
1956,MFS,0.65,32000
1956,MFS,0.69,38000
1956,MFS,0.72,44000
1956,MFS,0.75,50000
1956,MFS,0.78,60000
1956,MFS,0.81,70000
1956,MFS,0.84,80000
1956,MFS,0.87,90000
1956,MFS,0.89,100000
1956,MFS,0.9,150000
1956,MFS,0.91,200000
1956,S,0.2,0
1956,S,0.22,2000
1956,S,0.26,4000
1956,S,0.3,6000
1956,S,0.34,8000
1956,S,0.38,10000
1956,S,0.43,12000
1956,S,0.47,14000
1956,S,0.5,16000
1956,S,0.53,18000
1956,S,0.56,20000
1956,S,0.59,22000
1956,S,0.62,26000
1956,S,0.65,32000
1956,S,0.69,38000
1956,S,0.72,44000
1956,S,0.75,50000
1956,S,0.78,60000
1956,S,0.81,70000
1956,S,0.84,80000
1956,S,0.87,90000
1956,S,0.89,100000
1956,S,0.9,150000
1956,S,0.91,200000
1955,HOH,0.2,0
1955,HOH,0.21,2000
1955,HOH,0.24,4000
1955,HOH,0.26,6000
1955,HOH,0.3,8000
1955,HOH,0.32,10000
1955,HOH,0.36,12000
1955,HOH,0.39,14000
1955,HOH,0.42,16000
1955,HOH,0.43,18000
1955,HOH,0.47,20000
1955,HOH,0.49,22000
1955,HOH,0.52,24000
1955,HOH,0.54,28000
1955,HOH,0.58,32000
1955,HOH,0.62,38000
1955,HOH,0.66,44000
1955,HOH,0.68,50000
1955,HOH,0.71,60000
1955,HOH,0.74,70000
1955,HOH,0.76,80000
1955,HOH,0.8,90000
1955,HOH,0.83,100000
1955,HOH,0.87,150000
1955,HOH,0.9,200000
1955,HOH,0.91,300000
1955,MFJ,0.2,0
1955,MFJ,0.22,4000
1955,MFJ,0.26,8000
1955,MFJ,0.3,12000
1955,MFJ,0.34,16000
1955,MFJ,0.38,20000
1955,MFJ,0.43,24000
1955,MFJ,0.47,28000
1955,MFJ,0.5,32000
1955,MFJ,0.53,36000
1955,MFJ,0.56,40000
1955,MFJ,0.59,44000
1955,MFJ,0.62,52000
1955,MFJ,0.65,64000
1955,MFJ,0.69,76000
1955,MFJ,0.72,88000
1955,MFJ,0.75,100000
1955,MFJ,0.78,120000
1955,MFJ,0.81,140000
1955,MFJ,0.84,160000
1955,MFJ,0.87,180000
1955,MFJ,0.89,200000
1955,MFJ,0.9,300000
1955,MFJ,0.91,400000
1955,MFS,0.2,0
1955,MFS,0.22,2000
1955,MFS,0.26,4000
1955,MFS,0.3,6000
1955,MFS,0.34,8000
1955,MFS,0.38,10000
1955,MFS,0.43,12000
1955,MFS,0.47,14000
1955,MFS,0.5,16000
1955,MFS,0.53,18000
1955,MFS,0.56,20000
1955,MFS,0.59,22000
1955,MFS,0.62,26000
1955,MFS,0.65,32000
1955,MFS,0.69,38000
1955,MFS,0.72,44000
1955,MFS,0.75,50000
1955,MFS,0.78,60000
1955,MFS,0.81,70000
1955,MFS,0.84,80000
1955,MFS,0.87,90000
1955,MFS,0.89,100000
1955,MFS,0.9,150000
1955,MFS,0.91,200000
1955,S,0.2,0
1955,S,0.22,2000
1955,S,0.26,4000
1955,S,0.3,6000
1955,S,0.34,8000
1955,S,0.38,10000
1955,S,0.43,12000
1955,S,0.47,14000
1955,S,0.5,16000
1955,S,0.53,18000
1955,S,0.56,20000
1955,S,0.59,22000
1955,S,0.62,26000
1955,S,0.65,32000
1955,S,0.69,38000
1955,S,0.72,44000
1955,S,0.75,50000
1955,S,0.78,60000
1955,S,0.81,70000
1955,S,0.84,80000
1955,S,0.87,90000
1955,S,0.89,100000
1955,S,0.9,150000
1955,S,0.91,200000
1954,HOH,0.2,0
1954,HOH,0.21,2000
1954,HOH,0.24,4000
1954,HOH,0.26,6000
1954,HOH,0.3,8000
1954,HOH,0.32,10000
1954,HOH,0.36,12000
1954,HOH,0.39,14000
1954,HOH,0.42,16000
1954,HOH,0.43,18000
1954,HOH,0.47,20000
1954,HOH,0.49,22000
1954,HOH,0.52,24000
1954,HOH,0.54,28000
1954,HOH,0.58,32000
1954,HOH,0.62,38000
1954,HOH,0.66,44000
1954,HOH,0.68,50000
1954,HOH,0.71,60000
1954,HOH,0.74,70000
1954,HOH,0.76,80000
1954,HOH,0.8,90000
1954,HOH,0.83,100000
1954,HOH,0.87,150000
1954,HOH,0.9,200000
1954,HOH,0.91,300000
1954,MFJ,0.2,0
1954,MFJ,0.22,4000
1954,MFJ,0.26,8000
1954,MFJ,0.3,12000
1954,MFJ,0.34,16000
1954,MFJ,0.38,20000
1954,MFJ,0.43,24000
1954,MFJ,0.47,28000
1954,MFJ,0.5,32000
1954,MFJ,0.53,36000
1954,MFJ,0.56,40000
1954,MFJ,0.59,44000
1954,MFJ,0.62,52000
1954,MFJ,0.65,64000
1954,MFJ,0.69,76000
1954,MFJ,0.72,88000
1954,MFJ,0.75,100000
1954,MFJ,0.78,120000
1954,MFJ,0.81,140000
1954,MFJ,0.84,160000
1954,MFJ,0.87,180000
1954,MFJ,0.89,200000
1954,MFJ,0.9,300000
1954,MFJ,0.91,400000
1954,MFS,0.2,0
1954,MFS,0.22,2000
1954,MFS,0.26,4000
1954,MFS,0.3,6000
1954,MFS,0.34,8000
1954,MFS,0.38,10000
1954,MFS,0.43,12000
1954,MFS,0.47,14000
1954,MFS,0.5,16000
1954,MFS,0.53,18000
1954,MFS,0.56,20000
1954,MFS,0.59,22000
1954,MFS,0.62,26000
1954,MFS,0.65,32000
1954,MFS,0.69,38000
1954,MFS,0.72,44000
1954,MFS,0.75,50000
1954,MFS,0.78,60000
1954,MFS,0.81,70000
1954,MFS,0.84,80000
1954,MFS,0.87,90000
1954,MFS,0.89,100000
1954,MFS,0.9,150000
1954,MFS,0.91,200000
1954,S,0.2,0
1954,S,0.22,2000
1954,S,0.26,4000
1954,S,0.3,6000
1954,S,0.34,8000
1954,S,0.38,10000
1954,S,0.43,12000
1954,S,0.47,14000
1954,S,0.5,16000
1954,S,0.53,18000
1954,S,0.56,20000
1954,S,0.59,22000
1954,S,0.62,26000
1954,S,0.65,32000
1954,S,0.69,38000
1954,S,0.72,44000
1954,S,0.75,50000
1954,S,0.78,60000
1954,S,0.81,70000
1954,S,0.84,80000
1954,S,0.87,90000
1954,S,0.89,100000
1954,S,0.9,150000
1954,S,0.91,200000
1953,HOH,0.222,0
1953,HOH,0.234,2000
1953,HOH,0.27,4000
1953,HOH,0.29,6000
1953,HOH,0.34,8000
1953,HOH,0.35,10000
1953,HOH,0.41,12000
1953,HOH,0.44,14000
1953,HOH,0.47,16000
1953,HOH,0.48,18000
1953,HOH,0.52,20000
1953,HOH,0.54,22000
1953,HOH,0.57,24000
1953,HOH,0.6,28000
1953,HOH,0.63,32000
1953,HOH,0.66,38000
1953,HOH,0.71,44000
1953,HOH,0.72,50000
1953,HOH,0.73,60000
1953,HOH,0.77,70000
1953,HOH,0.79,80000
1953,HOH,0.81,90000
1953,HOH,0.85,100000
1953,HOH,0.88,150000
1953,HOH,0.91,200000
1953,HOH,0.92,300000
1953,MFJ,0.222,0
1953,MFJ,0.246,4000
1953,MFJ,0.29,8000
1953,MFJ,0.34,12000
1953,MFJ,0.38,16000
1953,MFJ,0.42,20000
1953,MFJ,0.48,24000
1953,MFJ,0.53,28000
1953,MFJ,0.56,32000
1953,MFJ,0.59,36000
1953,MFJ,0.62,40000
1953,MFJ,0.66,44000
1953,MFJ,0.67,52000
1953,MFJ,0.68,64000
1953,MFJ,0.72,76000
1953,MFJ,0.75,88000
1953,MFJ,0.77,100000
1953,MFJ,0.8,120000
1953,MFJ,0.83,140000
1953,MFJ,0.85,160000
1953,MFJ,0.88,180000
1953,MFJ,0.9,200000
1953,MFJ,0.91,300000
1953,MFJ,0.92,400000
1953,MFS,0.222,0
1953,MFS,0.246,2000
1953,MFS,0.29,4000
1953,MFS,0.34,6000
1953,MFS,0.38,8000
1953,MFS,0.42,10000
1953,MFS,0.48,12000
1953,MFS,0.53,14000
1953,MFS,0.56,16000
1953,MFS,0.59,18000
1953,MFS,0.62,20000
1953,MFS,0.66,22000
1953,MFS,0.67,26000
1953,MFS,0.68,32000
1953,MFS,0.72,38000
1953,MFS,0.75,44000
1953,MFS,0.77,50000
1953,MFS,0.8,60000
1953,MFS,0.83,70000
1953,MFS,0.85,80000
1953,MFS,0.88,90000
1953,MFS,0.9,100000
1953,MFS,0.91,150000
1953,MFS,0.92,200000
1953,S,0.222,0
1953,S,0.246,2000
1953,S,0.29,4000
1953,S,0.34,6000
1953,S,0.38,8000
1953,S,0.42,10000
1953,S,0.48,12000
1953,S,0.53,14000
1953,S,0.56,16000
1953,S,0.59,18000
1953,S,0.62,20000
1953,S,0.66,22000
1953,S,0.67,26000
1953,S,0.68,32000
1953,S,0.72,38000
1953,S,0.75,44000
1953,S,0.77,50000
1953,S,0.8,60000
1953,S,0.83,70000
1953,S,0.85,80000
1953,S,0.88,90000
1953,S,0.9,100000
1953,S,0.91,150000
1953,S,0.92,200000
1952,HOH,0.222,0
1952,HOH,0.234,2000
1952,HOH,0.27,4000
1952,HOH,0.29,6000
1952,HOH,0.34,8000
1952,HOH,0.35,10000
1952,HOH,0.41,12000
1952,HOH,0.44,14000
1952,HOH,0.47,16000
1952,HOH,0.48,18000
1952,HOH,0.52,20000
1952,HOH,0.54,22000
1952,HOH,0.57,24000
1952,HOH,0.6,28000
1952,HOH,0.63,32000
1952,HOH,0.66,38000
1952,HOH,0.71,44000
1952,HOH,0.72,50000
1952,HOH,0.73,60000
1952,HOH,0.77,70000
1952,HOH,0.79,80000
1952,HOH,0.81,90000
1952,HOH,0.85,100000
1952,HOH,0.88,150000
1952,HOH,0.91,200000
1952,HOH,0.92,300000
1952,MFJ,0.222,0
1952,MFJ,0.246,4000
1952,MFJ,0.29,8000
1952,MFJ,0.34,12000
1952,MFJ,0.38,16000
1952,MFJ,0.42,20000
1952,MFJ,0.48,24000
1952,MFJ,0.53,28000
1952,MFJ,0.56,32000
1952,MFJ,0.59,36000
1952,MFJ,0.62,40000
1952,MFJ,0.66,44000
1952,MFJ,0.67,52000
1952,MFJ,0.68,64000
1952,MFJ,0.72,76000
1952,MFJ,0.75,88000
1952,MFJ,0.77,100000
1952,MFJ,0.8,120000
1952,MFJ,0.83,140000
1952,MFJ,0.85,160000
1952,MFJ,0.88,180000
1952,MFJ,0.9,200000
1952,MFJ,0.91,300000
1952,MFJ,0.92,400000
1952,MFS,0.222,0
1952,MFS,0.246,2000
1952,MFS,0.29,4000
1952,MFS,0.34,6000
1952,MFS,0.38,8000
1952,MFS,0.42,10000
1952,MFS,0.48,12000
1952,MFS,0.53,14000
1952,MFS,0.56,16000
1952,MFS,0.59,18000
1952,MFS,0.62,20000
1952,MFS,0.66,22000
1952,MFS,0.67,26000
1952,MFS,0.68,32000
1952,MFS,0.72,38000
1952,MFS,0.75,44000
1952,MFS,0.77,50000
1952,MFS,0.8,60000
1952,MFS,0.83,70000
1952,MFS,0.85,80000
1952,MFS,0.88,90000
1952,MFS,0.9,100000
1952,MFS,0.91,150000
1952,MFS,0.92,200000
1952,S,0.222,0
1952,S,0.246,2000
1952,S,0.29,4000
1952,S,0.34,6000
1952,S,0.38,8000
1952,S,0.42,10000
1952,S,0.48,12000
1952,S,0.53,14000
1952,S,0.56,16000
1952,S,0.59,18000
1952,S,0.62,20000
1952,S,0.66,22000
1952,S,0.67,26000
1952,S,0.68,32000
1952,S,0.72,38000
1952,S,0.75,44000
1952,S,0.77,50000
1952,S,0.8,60000
1952,S,0.83,70000
1952,S,0.85,80000
1952,S,0.88,90000
1952,S,0.9,100000
1952,S,0.91,150000
1952,S,0.92,200000
1951,HOH,0.204,0
1951,HOH,0.224,2000
1951,HOH,0.27,4000
1951,HOH,0.3,6000
1951,HOH,0.35,8000
1951,HOH,0.39,10000
1951,HOH,0.43,12000
1951,HOH,0.48,14000
1951,HOH,0.51,16000
1951,HOH,0.54,18000
1951,HOH,0.57,20000
1951,HOH,0.6,22000
1951,HOH,0.63,26000
1951,HOH,0.66,32000
1951,HOH,0.69,38000
1951,HOH,0.73,44000
1951,HOH,0.75,50000
1951,HOH,0.78,60000
1951,HOH,0.82,70000
1951,HOH,0.84,80000
1951,HOH,0.87,90000
1951,HOH,0.89,100000
1951,HOH,0.9,150000
1951,HOH,0.91,200000
1951,MFJ,0.204,0
1951,MFJ,0.224,4000
1951,MFJ,0.27,8000
1951,MFJ,0.3,12000
1951,MFJ,0.35,16000
1951,MFJ,0.39,20000
1951,MFJ,0.43,24000
1951,MFJ,0.48,28000
1951,MFJ,0.51,32000
1951,MFJ,0.54,36000
1951,MFJ,0.57,40000
1951,MFJ,0.6,44000
1951,MFJ,0.63,52000
1951,MFJ,0.66,64000
1951,MFJ,0.69,76000
1951,MFJ,0.73,88000
1951,MFJ,0.75,100000
1951,MFJ,0.78,120000
1951,MFJ,0.82,140000
1951,MFJ,0.84,160000
1951,MFJ,0.87,180000
1951,MFJ,0.89,200000
1951,MFJ,0.9,300000
1951,MFJ,0.91,400000
1951,MFS,0.204,0
1951,MFS,0.224,2000
1951,MFS,0.27,4000
1951,MFS,0.3,6000
1951,MFS,0.35,8000
1951,MFS,0.39,10000
1951,MFS,0.43,12000
1951,MFS,0.48,14000
1951,MFS,0.51,16000
1951,MFS,0.54,18000
1951,MFS,0.57,20000
1951,MFS,0.6,22000
1951,MFS,0.63,26000
1951,MFS,0.66,32000
1951,MFS,0.69,38000
1951,MFS,0.73,44000
1951,MFS,0.75,50000
1951,MFS,0.78,60000
1951,MFS,0.82,70000
1951,MFS,0.84,80000
1951,MFS,0.87,90000
1951,MFS,0.89,100000
1951,MFS,0.9,150000
1951,MFS,0.91,200000
1951,S,0.204,0
1951,S,0.224,2000
1951,S,0.27,4000
1951,S,0.3,6000
1951,S,0.35,8000
1951,S,0.39,10000
1951,S,0.43,12000
1951,S,0.48,14000
1951,S,0.51,16000
1951,S,0.54,18000
1951,S,0.57,20000
1951,S,0.6,22000
1951,S,0.63,26000
1951,S,0.66,32000
1951,S,0.69,38000
1951,S,0.73,44000
1951,S,0.75,50000
1951,S,0.78,60000
1951,S,0.82,70000
1951,S,0.84,80000
1951,S,0.87,90000
1951,S,0.89,100000
1951,S,0.9,150000
1951,S,0.91,200000
1950,HOH,0.2,0
1950,HOH,0.22,2000
1950,HOH,0.26,4000
1950,HOH,0.3,6000
1950,HOH,0.34,8000
1950,HOH,0.38,10000
1950,HOH,0.43,12000
1950,HOH,0.47,14000
1950,HOH,0.5,16000
1950,HOH,0.53,18000
1950,HOH,0.56,20000
1950,HOH,0.59,22000
1950,HOH,0.62,26000
1950,HOH,0.65,32000
1950,HOH,0.69,38000
1950,HOH,0.72,44000
1950,HOH,0.75,50000
1950,HOH,0.78,60000
1950,HOH,0.81,70000
1950,HOH,0.84,80000
1950,HOH,0.87,90000
1950,HOH,0.89,100000
1950,HOH,0.9,150000
1950,HOH,0.91,200000
1950,MFJ,0.2,0
1950,MFJ,0.22,4000
1950,MFJ,0.26,8000
1950,MFJ,0.3,12000
1950,MFJ,0.34,16000
1950,MFJ,0.38,20000
1950,MFJ,0.43,24000
1950,MFJ,0.47,28000
1950,MFJ,0.5,32000
1950,MFJ,0.53,36000
1950,MFJ,0.56,40000
1950,MFJ,0.59,44000
1950,MFJ,0.62,52000
1950,MFJ,0.65,64000
1950,MFJ,0.69,76000
1950,MFJ,0.72,88000
1950,MFJ,0.75,100000
1950,MFJ,0.78,120000
1950,MFJ,0.81,140000
1950,MFJ,0.84,160000
1950,MFJ,0.87,180000
1950,MFJ,0.89,200000
1950,MFJ,0.9,300000
1950,MFJ,0.91,400000
1950,MFS,0.2,0
1950,MFS,0.22,2000
1950,MFS,0.26,4000
1950,MFS,0.3,6000
1950,MFS,0.34,8000
1950,MFS,0.38,10000
1950,MFS,0.43,12000
1950,MFS,0.47,14000
1950,MFS,0.5,16000
1950,MFS,0.53,18000
1950,MFS,0.56,20000
1950,MFS,0.59,22000
1950,MFS,0.62,26000
1950,MFS,0.65,32000
1950,MFS,0.69,38000
1950,MFS,0.72,44000
1950,MFS,0.75,50000
1950,MFS,0.78,60000
1950,MFS,0.81,70000
1950,MFS,0.84,80000
1950,MFS,0.87,90000
1950,MFS,0.89,100000
1950,MFS,0.9,150000
1950,MFS,0.91,200000
1950,S,0.2,0
1950,S,0.22,2000
1950,S,0.26,4000
1950,S,0.3,6000
1950,S,0.34,8000
1950,S,0.38,10000
1950,S,0.43,12000
1950,S,0.47,14000
1950,S,0.5,16000
1950,S,0.53,18000
1950,S,0.56,20000
1950,S,0.59,22000
1950,S,0.62,26000
1950,S,0.65,32000
1950,S,0.69,38000
1950,S,0.72,44000
1950,S,0.75,50000
1950,S,0.78,60000
1950,S,0.81,70000
1950,S,0.84,80000
1950,S,0.87,90000
1950,S,0.89,100000
1950,S,0.9,150000
1950,S,0.91,200000
1949,HOH,0.2,0
1949,HOH,0.22,2000
1949,HOH,0.26,4000
1949,HOH,0.3,6000
1949,HOH,0.34,8000
1949,HOH,0.38,10000
1949,HOH,0.43,12000
1949,HOH,0.47,14000
1949,HOH,0.5,16000
1949,HOH,0.53,18000
1949,HOH,0.56,20000
1949,HOH,0.59,22000
1949,HOH,0.62,26000
1949,HOH,0.65,32000
1949,HOH,0.69,38000
1949,HOH,0.72,44000
1949,HOH,0.75,50000
1949,HOH,0.78,60000
1949,HOH,0.81,70000
1949,HOH,0.84,80000
1949,HOH,0.87,90000
1949,HOH,0.89,100000
1949,HOH,0.9,150000
1949,HOH,0.91,200000
1949,MFJ,0.2,0
1949,MFJ,0.22,4000
1949,MFJ,0.26,8000
1949,MFJ,0.3,12000
1949,MFJ,0.34,16000
1949,MFJ,0.38,20000
1949,MFJ,0.43,24000
1949,MFJ,0.47,28000
1949,MFJ,0.5,32000
1949,MFJ,0.53,36000
1949,MFJ,0.56,40000
1949,MFJ,0.59,44000
1949,MFJ,0.62,52000
1949,MFJ,0.65,64000
1949,MFJ,0.69,76000
1949,MFJ,0.72,88000
1949,MFJ,0.75,100000
1949,MFJ,0.78,120000
1949,MFJ,0.81,140000
1949,MFJ,0.84,160000
1949,MFJ,0.87,180000
1949,MFJ,0.89,200000
1949,MFJ,0.9,300000
1949,MFJ,0.91,400000
1949,MFS,0.2,0
1949,MFS,0.22,2000
1949,MFS,0.26,4000
1949,MFS,0.3,6000
1949,MFS,0.34,8000
1949,MFS,0.38,10000
1949,MFS,0.43,12000
1949,MFS,0.47,14000
1949,MFS,0.5,16000
1949,MFS,0.53,18000
1949,MFS,0.56,20000
1949,MFS,0.59,22000
1949,MFS,0.62,26000
1949,MFS,0.65,32000
1949,MFS,0.69,38000
1949,MFS,0.72,44000
1949,MFS,0.75,50000
1949,MFS,0.78,60000
1949,MFS,0.81,70000
1949,MFS,0.84,80000
1949,MFS,0.87,90000
1949,MFS,0.89,100000
1949,MFS,0.9,150000
1949,MFS,0.91,200000
1949,S,0.2,0
1949,S,0.22,2000
1949,S,0.26,4000
1949,S,0.3,6000
1949,S,0.34,8000
1949,S,0.38,10000
1949,S,0.43,12000
1949,S,0.47,14000
1949,S,0.5,16000
1949,S,0.53,18000
1949,S,0.56,20000
1949,S,0.59,22000
1949,S,0.62,26000
1949,S,0.65,32000
1949,S,0.69,38000
1949,S,0.72,44000
1949,S,0.75,50000
1949,S,0.78,60000
1949,S,0.81,70000
1949,S,0.84,80000
1949,S,0.87,90000
1949,S,0.89,100000
1949,S,0.9,150000
1949,S,0.91,200000
1948,HOH,0.2,0
1948,HOH,0.22,2000
1948,HOH,0.26,4000
1948,HOH,0.3,6000
1948,HOH,0.34,8000
1948,HOH,0.38,10000
1948,HOH,0.43,12000
1948,HOH,0.47,14000
1948,HOH,0.5,16000
1948,HOH,0.53,18000
1948,HOH,0.56,20000
1948,HOH,0.59,22000
1948,HOH,0.62,26000
1948,HOH,0.65,32000
1948,HOH,0.69,38000
1948,HOH,0.72,44000
1948,HOH,0.75,50000
1948,HOH,0.78,60000
1948,HOH,0.81,70000
1948,HOH,0.84,80000
1948,HOH,0.87,90000
1948,HOH,0.89,100000
1948,HOH,0.9,150000
1948,HOH,0.91,200000
1948,MFJ,0.2,0
1948,MFJ,0.22,2000
1948,MFJ,0.26,4000
1948,MFJ,0.3,6000
1948,MFJ,0.34,8000
1948,MFJ,0.38,10000
1948,MFJ,0.43,12000
1948,MFJ,0.47,14000
1948,MFJ,0.5,16000
1948,MFJ,0.53,18000
1948,MFJ,0.56,20000
1948,MFJ,0.59,22000
1948,MFJ,0.62,26000
1948,MFJ,0.65,32000
1948,MFJ,0.69,38000
1948,MFJ,0.72,44000
1948,MFJ,0.75,50000
1948,MFJ,0.78,60000
1948,MFJ,0.81,70000
1948,MFJ,0.84,80000
1948,MFJ,0.87,90000
1948,MFJ,0.89,100000
1948,MFJ,0.9,150000
1948,MFJ,0.91,200000
1948,MFS,0.2,0
1948,MFS,0.22,2000
1948,MFS,0.26,4000
1948,MFS,0.3,6000
1948,MFS,0.34,8000
1948,MFS,0.38,10000
1948,MFS,0.43,12000
1948,MFS,0.47,14000
1948,MFS,0.5,16000
1948,MFS,0.53,18000
1948,MFS,0.56,20000
1948,MFS,0.59,22000
1948,MFS,0.62,26000
1948,MFS,0.65,32000
1948,MFS,0.69,38000
1948,MFS,0.72,44000
1948,MFS,0.75,50000
1948,MFS,0.78,60000
1948,MFS,0.81,70000
1948,MFS,0.84,80000
1948,MFS,0.87,90000
1948,MFS,0.89,100000
1948,MFS,0.9,150000
1948,MFS,0.91,200000
1948,S,0.2,0
1948,S,0.22,2000
1948,S,0.26,4000
1948,S,0.3,6000
1948,S,0.34,8000
1948,S,0.38,10000
1948,S,0.43,12000
1948,S,0.47,14000
1948,S,0.5,16000
1948,S,0.53,18000
1948,S,0.56,20000
1948,S,0.59,22000
1948,S,0.62,26000
1948,S,0.65,32000
1948,S,0.69,38000
1948,S,0.72,44000
1948,S,0.75,50000
1948,S,0.78,60000
1948,S,0.81,70000
1948,S,0.84,80000
1948,S,0.87,90000
1948,S,0.89,100000
1948,S,0.9,150000
1948,S,0.91,200000
1947,HOH,0.2,0
1947,HOH,0.22,2000
1947,HOH,0.26,4000
1947,HOH,0.3,6000
1947,HOH,0.34,8000
1947,HOH,0.38,10000
1947,HOH,0.43,12000
1947,HOH,0.47,14000
1947,HOH,0.5,16000
1947,HOH,0.53,18000
1947,HOH,0.56,20000
1947,HOH,0.59,22000
1947,HOH,0.62,26000
1947,HOH,0.65,32000
1947,HOH,0.69,38000
1947,HOH,0.72,44000
1947,HOH,0.75,50000
1947,HOH,0.78,60000
1947,HOH,0.81,70000
1947,HOH,0.84,80000
1947,HOH,0.87,90000
1947,HOH,0.89,100000
1947,HOH,0.9,150000
1947,HOH,0.91,200000
1947,MFJ,0.2,0
1947,MFJ,0.22,2000
1947,MFJ,0.26,4000
1947,MFJ,0.3,6000
1947,MFJ,0.34,8000
1947,MFJ,0.38,10000
1947,MFJ,0.43,12000
1947,MFJ,0.47,14000
1947,MFJ,0.5,16000
1947,MFJ,0.53,18000
1947,MFJ,0.56,20000
1947,MFJ,0.59,22000
1947,MFJ,0.62,26000
1947,MFJ,0.65,32000
1947,MFJ,0.69,38000
1947,MFJ,0.72,44000
1947,MFJ,0.75,50000
1947,MFJ,0.78,60000
1947,MFJ,0.81,70000
1947,MFJ,0.84,80000
1947,MFJ,0.87,90000
1947,MFJ,0.89,100000
1947,MFJ,0.9,150000
1947,MFJ,0.91,200000
1947,MFS,0.2,0
1947,MFS,0.22,2000
1947,MFS,0.26,4000
1947,MFS,0.3,6000
1947,MFS,0.34,8000
1947,MFS,0.38,10000
1947,MFS,0.43,12000
1947,MFS,0.47,14000
1947,MFS,0.5,16000
1947,MFS,0.53,18000
1947,MFS,0.56,20000
1947,MFS,0.59,22000
1947,MFS,0.62,26000
1947,MFS,0.65,32000
1947,MFS,0.69,38000
1947,MFS,0.72,44000
1947,MFS,0.75,50000
1947,MFS,0.78,60000
1947,MFS,0.81,70000
1947,MFS,0.84,80000
1947,MFS,0.87,90000
1947,MFS,0.89,100000
1947,MFS,0.9,150000
1947,MFS,0.91,200000
1947,S,0.2,0
1947,S,0.22,2000
1947,S,0.26,4000
1947,S,0.3,6000
1947,S,0.34,8000
1947,S,0.38,10000
1947,S,0.43,12000
1947,S,0.47,14000
1947,S,0.5,16000
1947,S,0.53,18000
1947,S,0.56,20000
1947,S,0.59,22000
1947,S,0.62,26000
1947,S,0.65,32000
1947,S,0.69,38000
1947,S,0.72,44000
1947,S,0.75,50000
1947,S,0.78,60000
1947,S,0.81,70000
1947,S,0.84,80000
1947,S,0.87,90000
1947,S,0.89,100000
1947,S,0.9,150000
1947,S,0.91,200000
1946,HOH,0.2,0
1946,HOH,0.22,2000
1946,HOH,0.26,4000
1946,HOH,0.3,6000
1946,HOH,0.34,8000
1946,HOH,0.38,10000
1946,HOH,0.43,12000
1946,HOH,0.47,14000
1946,HOH,0.5,16000
1946,HOH,0.53,18000
1946,HOH,0.56,20000
1946,HOH,0.59,22000
1946,HOH,0.62,26000
1946,HOH,0.65,32000
1946,HOH,0.69,38000
1946,HOH,0.72,44000
1946,HOH,0.75,50000
1946,HOH,0.78,60000
1946,HOH,0.81,70000
1946,HOH,0.84,80000
1946,HOH,0.87,90000
1946,HOH,0.89,100000
1946,HOH,0.9,150000
1946,HOH,0.91,200000
1946,MFJ,0.2,0
1946,MFJ,0.22,2000
1946,MFJ,0.26,4000
1946,MFJ,0.3,6000
1946,MFJ,0.34,8000
1946,MFJ,0.38,10000
1946,MFJ,0.43,12000
1946,MFJ,0.47,14000
1946,MFJ,0.5,16000
1946,MFJ,0.53,18000
1946,MFJ,0.56,20000
1946,MFJ,0.59,22000
1946,MFJ,0.62,26000
1946,MFJ,0.65,32000
1946,MFJ,0.69,38000
1946,MFJ,0.72,44000
1946,MFJ,0.75,50000
1946,MFJ,0.78,60000
1946,MFJ,0.81,70000
1946,MFJ,0.84,80000
1946,MFJ,0.87,90000
1946,MFJ,0.89,100000
1946,MFJ,0.9,150000
1946,MFJ,0.91,200000
1946,MFS,0.2,0
1946,MFS,0.22,2000
1946,MFS,0.26,4000
1946,MFS,0.3,6000
1946,MFS,0.34,8000
1946,MFS,0.38,10000
1946,MFS,0.43,12000
1946,MFS,0.47,14000
1946,MFS,0.5,16000
1946,MFS,0.53,18000
1946,MFS,0.56,20000
1946,MFS,0.59,22000
1946,MFS,0.62,26000
1946,MFS,0.65,32000
1946,MFS,0.69,38000
1946,MFS,0.72,44000
1946,MFS,0.75,50000
1946,MFS,0.78,60000
1946,MFS,0.81,70000
1946,MFS,0.84,80000
1946,MFS,0.87,90000
1946,MFS,0.89,100000
1946,MFS,0.9,150000
1946,MFS,0.91,200000
1946,S,0.2,0
1946,S,0.22,2000
1946,S,0.26,4000
1946,S,0.3,6000
1946,S,0.34,8000
1946,S,0.38,10000
1946,S,0.43,12000
1946,S,0.47,14000
1946,S,0.5,16000
1946,S,0.53,18000
1946,S,0.56,20000
1946,S,0.59,22000
1946,S,0.62,26000
1946,S,0.65,32000
1946,S,0.69,38000
1946,S,0.72,44000
1946,S,0.75,50000
1946,S,0.78,60000
1946,S,0.81,70000
1946,S,0.84,80000
1946,S,0.87,90000
1946,S,0.89,100000
1946,S,0.9,150000
1946,S,0.91,200000
1945,HOH,0.23,0
1945,HOH,0.25,2000
1945,HOH,0.29,4000
1945,HOH,0.33,6000
1945,HOH,0.37,8000
1945,HOH,0.41,10000
1945,HOH,0.46,12000
1945,HOH,0.5,14000
1945,HOH,0.53,16000
1945,HOH,0.56,18000
1945,HOH,0.59,20000
1945,HOH,0.62,22000
1945,HOH,0.65,26000
1945,HOH,0.68,32000
1945,HOH,0.72,38000
1945,HOH,0.75,44000
1945,HOH,0.78,50000
1945,HOH,0.81,60000
1945,HOH,0.84,70000
1945,HOH,0.87,80000
1945,HOH,0.9,90000
1945,HOH,0.92,100000
1945,HOH,0.93,150000
1945,HOH,0.94,200000
1945,MFJ,0.23,0
1945,MFJ,0.25,2000
1945,MFJ,0.29,4000
1945,MFJ,0.33,6000
1945,MFJ,0.37,8000
1945,MFJ,0.41,10000
1945,MFJ,0.46,12000
1945,MFJ,0.5,14000
1945,MFJ,0.53,16000
1945,MFJ,0.56,18000
1945,MFJ,0.59,20000
1945,MFJ,0.62,22000
1945,MFJ,0.65,26000
1945,MFJ,0.68,32000
1945,MFJ,0.72,38000
1945,MFJ,0.75,44000
1945,MFJ,0.78,50000
1945,MFJ,0.81,60000
1945,MFJ,0.84,70000
1945,MFJ,0.87,80000
1945,MFJ,0.9,90000
1945,MFJ,0.92,100000
1945,MFJ,0.93,150000
1945,MFJ,0.94,200000
1945,MFS,0.23,0
1945,MFS,0.25,2000
1945,MFS,0.29,4000
1945,MFS,0.33,6000
1945,MFS,0.37,8000
1945,MFS,0.41,10000
1945,MFS,0.46,12000
1945,MFS,0.5,14000
1945,MFS,0.53,16000
1945,MFS,0.56,18000
1945,MFS,0.59,20000
1945,MFS,0.62,22000
1945,MFS,0.65,26000
1945,MFS,0.68,32000
1945,MFS,0.72,38000
1945,MFS,0.75,44000
1945,MFS,0.78,50000
1945,MFS,0.81,60000
1945,MFS,0.84,70000
1945,MFS,0.87,80000
1945,MFS,0.9,90000
1945,MFS,0.92,100000
1945,MFS,0.93,150000
1945,MFS,0.94,200000
1945,S,0.23,0
1945,S,0.25,2000
1945,S,0.29,4000
1945,S,0.33,6000
1945,S,0.37,8000
1945,S,0.41,10000
1945,S,0.46,12000
1945,S,0.5,14000
1945,S,0.53,16000
1945,S,0.56,18000
1945,S,0.59,20000
1945,S,0.62,22000
1945,S,0.65,26000
1945,S,0.68,32000
1945,S,0.72,38000
1945,S,0.75,44000
1945,S,0.78,50000
1945,S,0.81,60000
1945,S,0.84,70000
1945,S,0.87,80000
1945,S,0.9,90000
1945,S,0.92,100000
1945,S,0.93,150000
1945,S,0.94,200000
1944,HOH,0.23,0
1944,HOH,0.25,2000
1944,HOH,0.29,4000
1944,HOH,0.33,6000
1944,HOH,0.37,8000
1944,HOH,0.41,10000
1944,HOH,0.46,12000
1944,HOH,0.5,14000
1944,HOH,0.53,16000
1944,HOH,0.56,18000
1944,HOH,0.59,20000
1944,HOH,0.62,22000
1944,HOH,0.65,26000
1944,HOH,0.68,32000
1944,HOH,0.72,38000
1944,HOH,0.75,44000
1944,HOH,0.78,50000
1944,HOH,0.81,60000
1944,HOH,0.84,70000
1944,HOH,0.87,80000
1944,HOH,0.9,90000
1944,HOH,0.92,100000
1944,HOH,0.93,150000
1944,HOH,0.94,200000
1944,MFJ,0.23,0
1944,MFJ,0.25,2000
1944,MFJ,0.29,4000
1944,MFJ,0.33,6000
1944,MFJ,0.37,8000
1944,MFJ,0.41,10000
1944,MFJ,0.46,12000
1944,MFJ,0.5,14000
1944,MFJ,0.53,16000
1944,MFJ,0.56,18000
1944,MFJ,0.59,20000
1944,MFJ,0.62,22000
1944,MFJ,0.65,26000
1944,MFJ,0.68,32000
1944,MFJ,0.72,38000
1944,MFJ,0.75,44000
1944,MFJ,0.78,50000
1944,MFJ,0.81,60000
1944,MFJ,0.84,70000
1944,MFJ,0.87,80000
1944,MFJ,0.9,90000
1944,MFJ,0.92,100000
1944,MFJ,0.93,150000
1944,MFJ,0.94,200000
1944,MFS,0.23,0
1944,MFS,0.25,2000
1944,MFS,0.29,4000
1944,MFS,0.33,6000
1944,MFS,0.37,8000
1944,MFS,0.41,10000
1944,MFS,0.46,12000
1944,MFS,0.5,14000
1944,MFS,0.53,16000
1944,MFS,0.56,18000
1944,MFS,0.59,20000
1944,MFS,0.62,22000
1944,MFS,0.65,26000
1944,MFS,0.68,32000
1944,MFS,0.72,38000
1944,MFS,0.75,44000
1944,MFS,0.78,50000
1944,MFS,0.81,60000
1944,MFS,0.84,70000
1944,MFS,0.87,80000
1944,MFS,0.9,90000
1944,MFS,0.92,100000
1944,MFS,0.93,150000
1944,MFS,0.94,200000
1944,S,0.23,0
1944,S,0.25,2000
1944,S,0.29,4000
1944,S,0.33,6000
1944,S,0.37,8000
1944,S,0.41,10000
1944,S,0.46,12000
1944,S,0.5,14000
1944,S,0.53,16000
1944,S,0.56,18000
1944,S,0.59,20000
1944,S,0.62,22000
1944,S,0.65,26000
1944,S,0.68,32000
1944,S,0.72,38000
1944,S,0.75,44000
1944,S,0.78,50000
1944,S,0.81,60000
1944,S,0.84,70000
1944,S,0.87,80000
1944,S,0.9,90000
1944,S,0.92,100000
1944,S,0.93,150000
1944,S,0.94,200000
1943,HOH,0.19,0
1943,HOH,0.22,2000
1943,HOH,0.26,4000
1943,HOH,0.3,6000
1943,HOH,0.34,8000
1943,HOH,0.38,10000
1943,HOH,0.42,12000
1943,HOH,0.46,14000
1943,HOH,0.49,16000
1943,HOH,0.52,18000
1943,HOH,0.55,20000
1943,HOH,0.58,22000
1943,HOH,0.61,26000
1943,HOH,0.64,32000
1943,HOH,0.67,38000
1943,HOH,0.69,44000
1943,HOH,0.72,50000
1943,HOH,0.75,60000
1943,HOH,0.78,70000
1943,HOH,0.81,80000
1943,HOH,0.83,90000
1943,HOH,0.85,100000
1943,HOH,0.87,150000
1943,HOH,0.88,200000
1943,MFJ,0.19,0
1943,MFJ,0.22,2000
1943,MFJ,0.26,4000
1943,MFJ,0.3,6000
1943,MFJ,0.34,8000
1943,MFJ,0.38,10000
1943,MFJ,0.42,12000
1943,MFJ,0.46,14000
1943,MFJ,0.49,16000
1943,MFJ,0.52,18000
1943,MFJ,0.55,20000
1943,MFJ,0.58,22000
1943,MFJ,0.61,26000
1943,MFJ,0.64,32000
1943,MFJ,0.67,38000
1943,MFJ,0.69,44000
1943,MFJ,0.72,50000
1943,MFJ,0.75,60000
1943,MFJ,0.78,70000
1943,MFJ,0.81,80000
1943,MFJ,0.83,90000
1943,MFJ,0.85,100000
1943,MFJ,0.87,150000
1943,MFJ,0.88,200000
1943,MFS,0.19,0
1943,MFS,0.22,2000
1943,MFS,0.26,4000
1943,MFS,0.3,6000
1943,MFS,0.34,8000
1943,MFS,0.38,10000
1943,MFS,0.42,12000
1943,MFS,0.46,14000
1943,MFS,0.49,16000
1943,MFS,0.52,18000
1943,MFS,0.55,20000
1943,MFS,0.58,22000
1943,MFS,0.61,26000
1943,MFS,0.64,32000
1943,MFS,0.67,38000
1943,MFS,0.69,44000
1943,MFS,0.72,50000
1943,MFS,0.75,60000
1943,MFS,0.78,70000
1943,MFS,0.81,80000
1943,MFS,0.83,90000
1943,MFS,0.85,100000
1943,MFS,0.87,150000
1943,MFS,0.88,200000
1943,S,0.19,0
1943,S,0.22,2000
1943,S,0.26,4000
1943,S,0.3,6000
1943,S,0.34,8000
1943,S,0.38,10000
1943,S,0.42,12000
1943,S,0.46,14000
1943,S,0.49,16000
1943,S,0.52,18000
1943,S,0.55,20000
1943,S,0.58,22000
1943,S,0.61,26000
1943,S,0.64,32000
1943,S,0.67,38000
1943,S,0.69,44000
1943,S,0.72,50000
1943,S,0.75,60000
1943,S,0.78,70000
1943,S,0.81,80000
1943,S,0.83,90000
1943,S,0.85,100000
1943,S,0.87,150000
1943,S,0.88,200000
1942,HOH,0.19,0
1942,HOH,0.22,2000
1942,HOH,0.26,4000
1942,HOH,0.3,6000
1942,HOH,0.34,8000
1942,HOH,0.38,10000
1942,HOH,0.42,12000
1942,HOH,0.46,14000
1942,HOH,0.49,16000
1942,HOH,0.52,18000
1942,HOH,0.55,20000
1942,HOH,0.58,22000
1942,HOH,0.61,26000
1942,HOH,0.64,32000
1942,HOH,0.67,38000
1942,HOH,0.69,44000
1942,HOH,0.72,50000
1942,HOH,0.75,60000
1942,HOH,0.78,70000
1942,HOH,0.81,80000
1942,HOH,0.83,90000
1942,HOH,0.85,100000
1942,HOH,0.87,150000
1942,HOH,0.88,200000
1942,MFJ,0.19,0
1942,MFJ,0.22,2000
1942,MFJ,0.26,4000
1942,MFJ,0.3,6000
1942,MFJ,0.34,8000
1942,MFJ,0.38,10000
1942,MFJ,0.42,12000
1942,MFJ,0.46,14000
1942,MFJ,0.49,16000
1942,MFJ,0.52,18000
1942,MFJ,0.55,20000
1942,MFJ,0.58,22000
1942,MFJ,0.61,26000
1942,MFJ,0.64,32000
1942,MFJ,0.67,38000
1942,MFJ,0.69,44000
1942,MFJ,0.72,50000
1942,MFJ,0.75,60000
1942,MFJ,0.78,70000
1942,MFJ,0.81,80000
1942,MFJ,0.83,90000
1942,MFJ,0.85,100000
1942,MFJ,0.87,150000
1942,MFJ,0.88,200000
1942,MFS,0.19,0
1942,MFS,0.22,2000
1942,MFS,0.26,4000
1942,MFS,0.3,6000
1942,MFS,0.34,8000
1942,MFS,0.38,10000
1942,MFS,0.42,12000
1942,MFS,0.46,14000
1942,MFS,0.49,16000
1942,MFS,0.52,18000
1942,MFS,0.55,20000
1942,MFS,0.58,22000
1942,MFS,0.61,26000
1942,MFS,0.64,32000
1942,MFS,0.67,38000
1942,MFS,0.69,44000
1942,MFS,0.72,50000
1942,MFS,0.75,60000
1942,MFS,0.78,70000
1942,MFS,0.81,80000
1942,MFS,0.83,90000
1942,MFS,0.85,100000
1942,MFS,0.87,150000
1942,MFS,0.88,200000
1942,S,0.19,0
1942,S,0.22,2000
1942,S,0.26,4000
1942,S,0.3,6000
1942,S,0.34,8000
1942,S,0.38,10000
1942,S,0.42,12000
1942,S,0.46,14000
1942,S,0.49,16000
1942,S,0.52,18000
1942,S,0.55,20000
1942,S,0.58,22000
1942,S,0.61,26000
1942,S,0.64,32000
1942,S,0.67,38000
1942,S,0.69,44000
1942,S,0.72,50000
1942,S,0.75,60000
1942,S,0.78,70000
1942,S,0.81,80000
1942,S,0.83,90000
1942,S,0.85,100000
1942,S,0.87,150000
1942,S,0.88,200000
1941,HOH,0.1,0
1941,HOH,0.13,2000
1941,HOH,0.17,4000
1941,HOH,0.21,6000
1941,HOH,0.25,8000
1941,HOH,0.29,10000
1941,HOH,0.33,12000
1941,HOH,0.36,14000
1941,HOH,0.39,16000
1941,HOH,0.42,18000
1941,HOH,0.45,20000
1941,HOH,0.48,22000
1941,HOH,0.51,26000
1941,HOH,0.54,32000
1941,HOH,0.57,38000
1941,HOH,0.59,44000
1941,HOH,0.61,50000
1941,HOH,0.63,60000
1941,HOH,0.65,70000
1941,HOH,0.67,80000
1941,HOH,0.68,90000
1941,HOH,0.69,100000
1941,HOH,0.7,150000
1941,HOH,0.71,200000
1941,HOH,0.73,250000
1941,HOH,0.75,300000
1941,HOH,0.76,400000
1941,HOH,0.77,500000
1941,HOH,0.78,750000
1941,HOH,0.79,1000000
1941,HOH,0.8,2000000
1941,HOH,0.81,5000000
1941,MFJ,0.1,0
1941,MFJ,0.13,2000
1941,MFJ,0.17,4000
1941,MFJ,0.21,6000
1941,MFJ,0.25,8000
1941,MFJ,0.29,10000
1941,MFJ,0.33,12000
1941,MFJ,0.36,14000
1941,MFJ,0.39,16000
1941,MFJ,0.42,18000
1941,MFJ,0.45,20000
1941,MFJ,0.48,22000
1941,MFJ,0.51,26000
1941,MFJ,0.54,32000
1941,MFJ,0.57,38000
1941,MFJ,0.59,44000
1941,MFJ,0.61,50000
1941,MFJ,0.63,60000
1941,MFJ,0.65,70000
1941,MFJ,0.67,80000
1941,MFJ,0.68,90000
1941,MFJ,0.69,100000
1941,MFJ,0.7,150000
1941,MFJ,0.71,200000
1941,MFJ,0.73,250000
1941,MFJ,0.75,300000
1941,MFJ,0.76,400000
1941,MFJ,0.77,500000
1941,MFJ,0.78,750000
1941,MFJ,0.79,1000000
1941,MFJ,0.8,2000000
1941,MFJ,0.81,5000000
1941,MFS,0.1,0
1941,MFS,0.13,2000
1941,MFS,0.17,4000
1941,MFS,0.21,6000
1941,MFS,0.25,8000
1941,MFS,0.29,10000
1941,MFS,0.33,12000
1941,MFS,0.36,14000
1941,MFS,0.39,16000
1941,MFS,0.42,18000
1941,MFS,0.45,20000
1941,MFS,0.48,22000
1941,MFS,0.51,26000
1941,MFS,0.54,32000
1941,MFS,0.57,38000
1941,MFS,0.59,44000
1941,MFS,0.61,50000
1941,MFS,0.63,60000
1941,MFS,0.65,70000
1941,MFS,0.67,80000
1941,MFS,0.68,90000
1941,MFS,0.69,100000
1941,MFS,0.7,150000
1941,MFS,0.71,200000
1941,MFS,0.73,250000
1941,MFS,0.75,300000
1941,MFS,0.76,400000
1941,MFS,0.77,500000
1941,MFS,0.78,750000
1941,MFS,0.79,1000000
1941,MFS,0.8,2000000
1941,MFS,0.81,5000000
1941,S,0.1,0
1941,S,0.13,2000
1941,S,0.17,4000
1941,S,0.21,6000
1941,S,0.25,8000
1941,S,0.29,10000
1941,S,0.33,12000
1941,S,0.36,14000
1941,S,0.39,16000
1941,S,0.42,18000
1941,S,0.45,20000
1941,S,0.48,22000
1941,S,0.51,26000
1941,S,0.54,32000
1941,S,0.57,38000
1941,S,0.59,44000
1941,S,0.61,50000
1941,S,0.63,60000
1941,S,0.65,70000
1941,S,0.67,80000
1941,S,0.68,90000
1941,S,0.69,100000
1941,S,0.7,150000
1941,S,0.71,200000
1941,S,0.73,250000
1941,S,0.75,300000
1941,S,0.76,400000
1941,S,0.77,500000
1941,S,0.78,750000
1941,S,0.79,1000000
1941,S,0.8,2000000
1941,S,0.81,5000000
1940,HOH,0.04,0
1940,HOH,0.08,4000
1940,HOH,0.1,6000
1940,HOH,0.12,8000
1940,HOH,0.14,10000
1940,HOH,0.16,12000
1940,HOH,0.19,14000
1940,HOH,0.22,16000
1940,HOH,0.25,18000
1940,HOH,0.28,20000
1940,HOH,0.31,22000
1940,HOH,0.34,26000
1940,HOH,0.37,32000
1940,HOH,0.4,38000
1940,HOH,0.44,44000
1940,HOH,0.48,50000
1940,HOH,0.51,60000
1940,HOH,0.54,70000
1940,HOH,0.57,80000
1940,HOH,0.6,90000
1940,HOH,0.62,100000
1940,HOH,0.64,150000
1940,HOH,0.66,200000
1940,HOH,0.68,250000
1940,HOH,0.7,300000
1940,HOH,0.72,400000
1940,HOH,0.74,500000
1940,HOH,0.76,750000
1940,HOH,0.77,1000000
1940,HOH,0.78,2000000
1940,HOH,0.79,5000000
1940,MFJ,0.04,0
1940,MFJ,0.08,4000
1940,MFJ,0.1,6000
1940,MFJ,0.12,8000
1940,MFJ,0.14,10000
1940,MFJ,0.16,12000
1940,MFJ,0.19,14000
1940,MFJ,0.22,16000
1940,MFJ,0.25,18000
1940,MFJ,0.28,20000
1940,MFJ,0.31,22000
1940,MFJ,0.34,26000
1940,MFJ,0.37,32000
1940,MFJ,0.4,38000
1940,MFJ,0.44,44000
1940,MFJ,0.48,50000
1940,MFJ,0.51,60000
1940,MFJ,0.54,70000
1940,MFJ,0.57,80000
1940,MFJ,0.6,90000
1940,MFJ,0.62,100000
1940,MFJ,0.64,150000
1940,MFJ,0.66,200000
1940,MFJ,0.68,250000
1940,MFJ,0.7,300000
1940,MFJ,0.72,400000
1940,MFJ,0.74,500000
1940,MFJ,0.76,750000
1940,MFJ,0.77,1000000
1940,MFJ,0.78,2000000
1940,MFJ,0.79,5000000
1940,MFS,0.04,0
1940,MFS,0.08,4000
1940,MFS,0.1,6000
1940,MFS,0.12,8000
1940,MFS,0.14,10000
1940,MFS,0.16,12000
1940,MFS,0.19,14000
1940,MFS,0.22,16000
1940,MFS,0.25,18000
1940,MFS,0.28,20000
1940,MFS,0.31,22000
1940,MFS,0.34,26000
1940,MFS,0.37,32000
1940,MFS,0.4,38000
1940,MFS,0.44,44000
1940,MFS,0.48,50000
1940,MFS,0.51,60000
1940,MFS,0.54,70000
1940,MFS,0.57,80000
1940,MFS,0.6,90000
1940,MFS,0.62,100000
1940,MFS,0.64,150000
1940,MFS,0.66,200000
1940,MFS,0.68,250000
1940,MFS,0.7,300000
1940,MFS,0.72,400000
1940,MFS,0.74,500000
1940,MFS,0.76,750000
1940,MFS,0.77,1000000
1940,MFS,0.78,2000000
1940,MFS,0.79,5000000
1940,S,0.04,0
1940,S,0.08,4000
1940,S,0.1,6000
1940,S,0.12,8000
1940,S,0.14,10000
1940,S,0.16,12000
1940,S,0.19,14000
1940,S,0.22,16000
1940,S,0.25,18000
1940,S,0.28,20000
1940,S,0.31,22000
1940,S,0.34,26000
1940,S,0.37,32000
1940,S,0.4,38000
1940,S,0.44,44000
1940,S,0.48,50000
1940,S,0.51,60000
1940,S,0.54,70000
1940,S,0.57,80000
1940,S,0.6,90000
1940,S,0.62,100000
1940,S,0.64,150000
1940,S,0.66,200000
1940,S,0.68,250000
1940,S,0.7,300000
1940,S,0.72,400000
1940,S,0.74,500000
1940,S,0.76,750000
1940,S,0.77,1000000
1940,S,0.78,2000000
1940,S,0.79,5000000
1939,HOH,0.04,0
1939,HOH,0.08,4000
1939,HOH,0.09,6000
1939,HOH,0.1,8000
1939,HOH,0.11,10000
1939,HOH,0.12,12000
1939,HOH,0.13,14000
1939,HOH,0.15,16000
1939,HOH,0.17,18000
1939,HOH,0.19,20000
1939,HOH,0.21,22000
1939,HOH,0.23,26000
1939,HOH,0.25,32000
1939,HOH,0.28,38000
1939,HOH,0.31,44000
1939,HOH,0.35,50000
1939,HOH,0.39,56000
1939,HOH,0.43,62000
1939,HOH,0.47,68000
1939,HOH,0.51,74000
1939,HOH,0.55,80000
1939,HOH,0.59,90000
1939,HOH,0.62,100000
1939,HOH,0.64,150000
1939,HOH,0.66,200000
1939,HOH,0.68,250000
1939,HOH,0.7,300000
1939,HOH,0.72,400000
1939,HOH,0.74,500000
1939,HOH,0.76,750000
1939,HOH,0.77,1000000
1939,HOH,0.78,2000000
1939,HOH,0.79,5000000
1939,MFJ,0.04,0
1939,MFJ,0.08,4000
1939,MFJ,0.09,6000
1939,MFJ,0.1,8000
1939,MFJ,0.11,10000
1939,MFJ,0.12,12000
1939,MFJ,0.13,14000
1939,MFJ,0.15,16000
1939,MFJ,0.17,18000
1939,MFJ,0.19,20000
1939,MFJ,0.21,22000
1939,MFJ,0.23,26000
1939,MFJ,0.25,32000
1939,MFJ,0.28,38000
1939,MFJ,0.31,44000
1939,MFJ,0.35,50000
1939,MFJ,0.39,56000
1939,MFJ,0.43,62000
1939,MFJ,0.47,68000
1939,MFJ,0.51,74000
1939,MFJ,0.55,80000
1939,MFJ,0.59,90000
1939,MFJ,0.62,100000
1939,MFJ,0.64,150000
1939,MFJ,0.66,200000
1939,MFJ,0.68,250000
1939,MFJ,0.7,300000
1939,MFJ,0.72,400000
1939,MFJ,0.74,500000
1939,MFJ,0.76,750000
1939,MFJ,0.77,1000000
1939,MFJ,0.78,2000000
1939,MFJ,0.79,5000000
1939,MFS,0.04,0
1939,MFS,0.08,4000
1939,MFS,0.09,6000
1939,MFS,0.1,8000
1939,MFS,0.11,10000
1939,MFS,0.12,12000
1939,MFS,0.13,14000
1939,MFS,0.15,16000
1939,MFS,0.17,18000
1939,MFS,0.19,20000
1939,MFS,0.21,22000
1939,MFS,0.23,26000
1939,MFS,0.25,32000
1939,MFS,0.28,38000
1939,MFS,0.31,44000
1939,MFS,0.35,50000
1939,MFS,0.39,56000
1939,MFS,0.43,62000
1939,MFS,0.47,68000
1939,MFS,0.51,74000
1939,MFS,0.55,80000
1939,MFS,0.59,90000
1939,MFS,0.62,100000
1939,MFS,0.64,150000
1939,MFS,0.66,200000
1939,MFS,0.68,250000
1939,MFS,0.7,300000
1939,MFS,0.72,400000
1939,MFS,0.74,500000
1939,MFS,0.76,750000
1939,MFS,0.77,1000000
1939,MFS,0.78,2000000
1939,MFS,0.79,5000000
1939,S,0.04,0
1939,S,0.08,4000
1939,S,0.09,6000
1939,S,0.1,8000
1939,S,0.11,10000
1939,S,0.12,12000
1939,S,0.13,14000
1939,S,0.15,16000
1939,S,0.17,18000
1939,S,0.19,20000
1939,S,0.21,22000
1939,S,0.23,26000
1939,S,0.25,32000
1939,S,0.28,38000
1939,S,0.31,44000
1939,S,0.35,50000
1939,S,0.39,56000
1939,S,0.43,62000
1939,S,0.47,68000
1939,S,0.51,74000
1939,S,0.55,80000
1939,S,0.59,90000
1939,S,0.62,100000
1939,S,0.64,150000
1939,S,0.66,200000
1939,S,0.68,250000
1939,S,0.7,300000
1939,S,0.72,400000
1939,S,0.74,500000
1939,S,0.76,750000
1939,S,0.77,1000000
1939,S,0.78,2000000
1939,S,0.79,5000000
1938,HOH,0.04,0
1938,HOH,0.08,4000
1938,HOH,0.09,6000
1938,HOH,0.1,8000
1938,HOH,0.11,10000
1938,HOH,0.12,12000
1938,HOH,0.13,14000
1938,HOH,0.15,16000
1938,HOH,0.17,18000
1938,HOH,0.19,20000
1938,HOH,0.21,22000
1938,HOH,0.23,26000
1938,HOH,0.25,32000
1938,HOH,0.28,38000
1938,HOH,0.31,44000
1938,HOH,0.35,50000
1938,HOH,0.39,56000
1938,HOH,0.43,62000
1938,HOH,0.47,68000
1938,HOH,0.51,74000
1938,HOH,0.55,80000
1938,HOH,0.59,90000
1938,HOH,0.62,100000
1938,HOH,0.64,150000
1938,HOH,0.66,200000
1938,HOH,0.68,250000
1938,HOH,0.7,300000
1938,HOH,0.72,400000
1938,HOH,0.74,500000
1938,HOH,0.76,750000
1938,HOH,0.77,1000000
1938,HOH,0.78,2000000
1938,HOH,0.79,5000000
1938,MFJ,0.04,0
1938,MFJ,0.08,4000
1938,MFJ,0.09,6000
1938,MFJ,0.1,8000
1938,MFJ,0.11,10000
1938,MFJ,0.12,12000
1938,MFJ,0.13,14000
1938,MFJ,0.15,16000
1938,MFJ,0.17,18000
1938,MFJ,0.19,20000
1938,MFJ,0.21,22000
1938,MFJ,0.23,26000
1938,MFJ,0.25,32000
1938,MFJ,0.28,38000
1938,MFJ,0.31,44000
1938,MFJ,0.35,50000
1938,MFJ,0.39,56000
1938,MFJ,0.43,62000
1938,MFJ,0.47,68000
1938,MFJ,0.51,74000
1938,MFJ,0.55,80000
1938,MFJ,0.59,90000
1938,MFJ,0.62,100000
1938,MFJ,0.64,150000
1938,MFJ,0.66,200000
1938,MFJ,0.68,250000
1938,MFJ,0.7,300000
1938,MFJ,0.72,400000
1938,MFJ,0.74,500000
1938,MFJ,0.76,750000
1938,MFJ,0.77,1000000
1938,MFJ,0.78,2000000
1938,MFJ,0.79,5000000
1938,MFS,0.04,0
1938,MFS,0.08,4000
1938,MFS,0.09,6000
1938,MFS,0.1,8000
1938,MFS,0.11,10000
1938,MFS,0.12,12000
1938,MFS,0.13,14000
1938,MFS,0.15,16000
1938,MFS,0.17,18000
1938,MFS,0.19,20000
1938,MFS,0.21,22000
1938,MFS,0.23,26000
1938,MFS,0.25,32000
1938,MFS,0.28,38000
1938,MFS,0.31,44000
1938,MFS,0.35,50000
1938,MFS,0.39,56000
1938,MFS,0.43,62000
1938,MFS,0.47,68000
1938,MFS,0.51,74000
1938,MFS,0.55,80000
1938,MFS,0.59,90000
1938,MFS,0.62,100000
1938,MFS,0.64,150000
1938,MFS,0.66,200000
1938,MFS,0.68,250000
1938,MFS,0.7,300000
1938,MFS,0.72,400000
1938,MFS,0.74,500000
1938,MFS,0.76,750000
1938,MFS,0.77,1000000
1938,MFS,0.78,2000000
1938,MFS,0.79,5000000
1938,S,0.04,0
1938,S,0.08,4000
1938,S,0.09,6000
1938,S,0.1,8000
1938,S,0.11,10000
1938,S,0.12,12000
1938,S,0.13,14000
1938,S,0.15,16000
1938,S,0.17,18000
1938,S,0.19,20000
1938,S,0.21,22000
1938,S,0.23,26000
1938,S,0.25,32000
1938,S,0.28,38000
1938,S,0.31,44000
1938,S,0.35,50000
1938,S,0.39,56000
1938,S,0.43,62000
1938,S,0.47,68000
1938,S,0.51,74000
1938,S,0.55,80000
1938,S,0.59,90000
1938,S,0.62,100000
1938,S,0.64,150000
1938,S,0.66,200000
1938,S,0.68,250000
1938,S,0.7,300000
1938,S,0.72,400000
1938,S,0.74,500000
1938,S,0.76,750000
1938,S,0.77,1000000
1938,S,0.78,2000000
1938,S,0.79,5000000
1937,HOH,0.04,0
1937,HOH,0.08,4000
1937,HOH,0.09,6000
1937,HOH,0.1,8000
1937,HOH,0.11,10000
1937,HOH,0.12,12000
1937,HOH,0.13,14000
1937,HOH,0.15,16000
1937,HOH,0.17,18000
1937,HOH,0.19,20000
1937,HOH,0.21,22000
1937,HOH,0.23,26000
1937,HOH,0.25,32000
1937,HOH,0.28,38000
1937,HOH,0.31,44000
1937,HOH,0.35,50000
1937,HOH,0.39,56000
1937,HOH,0.43,62000
1937,HOH,0.47,68000
1937,HOH,0.51,74000
1937,HOH,0.55,80000
1937,HOH,0.59,90000
1937,HOH,0.62,100000
1937,HOH,0.64,150000
1937,HOH,0.66,200000
1937,HOH,0.68,250000
1937,HOH,0.7,300000
1937,HOH,0.72,400000
1937,HOH,0.74,500000
1937,HOH,0.76,750000
1937,HOH,0.77,1000000
1937,HOH,0.78,2000000
1937,HOH,0.79,5000000
1937,MFJ,0.04,0
1937,MFJ,0.08,4000
1937,MFJ,0.09,6000
1937,MFJ,0.1,8000
1937,MFJ,0.11,10000
1937,MFJ,0.12,12000
1937,MFJ,0.13,14000
1937,MFJ,0.15,16000
1937,MFJ,0.17,18000
1937,MFJ,0.19,20000
1937,MFJ,0.21,22000
1937,MFJ,0.23,26000
1937,MFJ,0.25,32000
1937,MFJ,0.28,38000
1937,MFJ,0.31,44000
1937,MFJ,0.35,50000
1937,MFJ,0.39,56000
1937,MFJ,0.43,62000
1937,MFJ,0.47,68000
1937,MFJ,0.51,74000
1937,MFJ,0.55,80000
1937,MFJ,0.59,90000
1937,MFJ,0.62,100000
1937,MFJ,0.64,150000
1937,MFJ,0.66,200000
1937,MFJ,0.68,250000
1937,MFJ,0.7,300000
1937,MFJ,0.72,400000
1937,MFJ,0.74,500000
1937,MFJ,0.76,750000
1937,MFJ,0.77,1000000
1937,MFJ,0.78,2000000
1937,MFJ,0.79,5000000
1937,MFS,0.04,0
1937,MFS,0.08,4000
1937,MFS,0.09,6000
1937,MFS,0.1,8000
1937,MFS,0.11,10000
1937,MFS,0.12,12000
1937,MFS,0.13,14000
1937,MFS,0.15,16000
1937,MFS,0.17,18000
1937,MFS,0.19,20000
1937,MFS,0.21,22000
1937,MFS,0.23,26000
1937,MFS,0.25,32000
1937,MFS,0.28,38000
1937,MFS,0.31,44000
1937,MFS,0.35,50000
1937,MFS,0.39,56000
1937,MFS,0.43,62000
1937,MFS,0.47,68000
1937,MFS,0.51,74000
1937,MFS,0.55,80000
1937,MFS,0.59,90000
1937,MFS,0.62,100000
1937,MFS,0.64,150000
1937,MFS,0.66,200000
1937,MFS,0.68,250000
1937,MFS,0.7,300000
1937,MFS,0.72,400000
1937,MFS,0.74,500000
1937,MFS,0.76,750000
1937,MFS,0.77,1000000
1937,MFS,0.78,2000000
1937,MFS,0.79,5000000
1937,S,0.04,0
1937,S,0.08,4000
1937,S,0.09,6000
1937,S,0.1,8000
1937,S,0.11,10000
1937,S,0.12,12000
1937,S,0.13,14000
1937,S,0.15,16000
1937,S,0.17,18000
1937,S,0.19,20000
1937,S,0.21,22000
1937,S,0.23,26000
1937,S,0.25,32000
1937,S,0.28,38000
1937,S,0.31,44000
1937,S,0.35,50000
1937,S,0.39,56000
1937,S,0.43,62000
1937,S,0.47,68000
1937,S,0.51,74000
1937,S,0.55,80000
1937,S,0.59,90000
1937,S,0.62,100000
1937,S,0.64,150000
1937,S,0.66,200000
1937,S,0.68,250000
1937,S,0.7,300000
1937,S,0.72,400000
1937,S,0.74,500000
1937,S,0.76,750000
1937,S,0.77,1000000
1937,S,0.78,2000000
1937,S,0.79,5000000
1936,HOH,0.04,0
1936,HOH,0.08,4000
1936,HOH,0.09,6000
1936,HOH,0.1,8000
1936,HOH,0.11,10000
1936,HOH,0.12,12000
1936,HOH,0.13,14000
1936,HOH,0.15,16000
1936,HOH,0.17,18000
1936,HOH,0.19,20000
1936,HOH,0.21,22000
1936,HOH,0.23,26000
1936,HOH,0.25,32000
1936,HOH,0.28,38000
1936,HOH,0.31,44000
1936,HOH,0.35,50000
1936,HOH,0.39,56000
1936,HOH,0.43,62000
1936,HOH,0.47,68000
1936,HOH,0.51,74000
1936,HOH,0.55,80000
1936,HOH,0.59,90000
1936,HOH,0.62,100000
1936,HOH,0.64,150000
1936,HOH,0.66,200000
1936,HOH,0.68,250000
1936,HOH,0.7,300000
1936,HOH,0.72,400000
1936,HOH,0.74,500000
1936,HOH,0.76,750000
1936,HOH,0.77,1000000
1936,HOH,0.78,2000000
1936,HOH,0.79,5000000
1936,MFJ,0.04,0
1936,MFJ,0.08,4000
1936,MFJ,0.09,6000
1936,MFJ,0.1,8000
1936,MFJ,0.11,10000
1936,MFJ,0.12,12000
1936,MFJ,0.13,14000
1936,MFJ,0.15,16000
1936,MFJ,0.17,18000
1936,MFJ,0.19,20000
1936,MFJ,0.21,22000
1936,MFJ,0.23,26000
1936,MFJ,0.25,32000
1936,MFJ,0.28,38000
1936,MFJ,0.31,44000
1936,MFJ,0.35,50000
1936,MFJ,0.39,56000
1936,MFJ,0.43,62000
1936,MFJ,0.47,68000
1936,MFJ,0.51,74000
1936,MFJ,0.55,80000
1936,MFJ,0.59,90000
1936,MFJ,0.62,100000
1936,MFJ,0.64,150000
1936,MFJ,0.66,200000
1936,MFJ,0.68,250000
1936,MFJ,0.7,300000
1936,MFJ,0.72,400000
1936,MFJ,0.74,500000
1936,MFJ,0.76,750000
1936,MFJ,0.77,1000000
1936,MFJ,0.78,2000000
1936,MFJ,0.79,5000000
1936,MFS,0.04,0
1936,MFS,0.08,4000
1936,MFS,0.09,6000
1936,MFS,0.1,8000
1936,MFS,0.11,10000
1936,MFS,0.12,12000
1936,MFS,0.13,14000
1936,MFS,0.15,16000
1936,MFS,0.17,18000
1936,MFS,0.19,20000
1936,MFS,0.21,22000
1936,MFS,0.23,26000
1936,MFS,0.25,32000
1936,MFS,0.28,38000
1936,MFS,0.31,44000
1936,MFS,0.35,50000
1936,MFS,0.39,56000
1936,MFS,0.43,62000
1936,MFS,0.47,68000
1936,MFS,0.51,74000
1936,MFS,0.55,80000
1936,MFS,0.59,90000
1936,MFS,0.62,100000
1936,MFS,0.64,150000
1936,MFS,0.66,200000
1936,MFS,0.68,250000
1936,MFS,0.7,300000
1936,MFS,0.72,400000
1936,MFS,0.74,500000
1936,MFS,0.76,750000
1936,MFS,0.77,1000000
1936,MFS,0.78,2000000
1936,MFS,0.79,5000000
1936,S,0.04,0
1936,S,0.08,4000
1936,S,0.09,6000
1936,S,0.1,8000
1936,S,0.11,10000
1936,S,0.12,12000
1936,S,0.13,14000
1936,S,0.15,16000
1936,S,0.17,18000
1936,S,0.19,20000
1936,S,0.21,22000
1936,S,0.23,26000
1936,S,0.25,32000
1936,S,0.28,38000
1936,S,0.31,44000
1936,S,0.35,50000
1936,S,0.39,56000
1936,S,0.43,62000
1936,S,0.47,68000
1936,S,0.51,74000
1936,S,0.55,80000
1936,S,0.59,90000
1936,S,0.62,100000
1936,S,0.64,150000
1936,S,0.66,200000
1936,S,0.68,250000
1936,S,0.7,300000
1936,S,0.72,400000
1936,S,0.74,500000
1936,S,0.76,750000
1936,S,0.77,1000000
1936,S,0.78,2000000
1936,S,0.79,5000000
1935,HOH,0.04,0
1935,HOH,0.08,4000
1935,HOH,0.09,6000
1935,HOH,0.1,8000
1935,HOH,0.11,10000
1935,HOH,0.12,12000
1935,HOH,0.13,14000
1935,HOH,0.15,16000
1935,HOH,0.17,18000
1935,HOH,0.19,20000
1935,HOH,0.21,22000
1935,HOH,0.23,26000
1935,HOH,0.25,32000
1935,HOH,0.28,38000
1935,HOH,0.31,44000
1935,HOH,0.34,50000
1935,HOH,0.37,56000
1935,HOH,0.4,62000
1935,HOH,0.43,68000
1935,HOH,0.46,74000
1935,HOH,0.49,80000
1935,HOH,0.54,90000
1935,HOH,0.56,100000
1935,HOH,0.57,150000
1935,HOH,0.58,200000
1935,HOH,0.59,300000
1935,HOH,0.6,400000
1935,HOH,0.61,500000
1935,HOH,0.62,750000
1935,HOH,0.63,1000000
1935,MFJ,0.04,0
1935,MFJ,0.08,4000
1935,MFJ,0.09,6000
1935,MFJ,0.1,8000
1935,MFJ,0.11,10000
1935,MFJ,0.12,12000
1935,MFJ,0.13,14000
1935,MFJ,0.15,16000
1935,MFJ,0.17,18000
1935,MFJ,0.19,20000
1935,MFJ,0.21,22000
1935,MFJ,0.23,26000
1935,MFJ,0.25,32000
1935,MFJ,0.28,38000
1935,MFJ,0.31,44000
1935,MFJ,0.34,50000
1935,MFJ,0.37,56000
1935,MFJ,0.4,62000
1935,MFJ,0.43,68000
1935,MFJ,0.46,74000
1935,MFJ,0.49,80000
1935,MFJ,0.54,90000
1935,MFJ,0.56,100000
1935,MFJ,0.57,150000
1935,MFJ,0.58,200000
1935,MFJ,0.59,300000
1935,MFJ,0.6,400000
1935,MFJ,0.61,500000
1935,MFJ,0.62,750000
1935,MFJ,0.63,1000000
1935,MFS,0.04,0
1935,MFS,0.08,4000
1935,MFS,0.09,6000
1935,MFS,0.1,8000
1935,MFS,0.11,10000
1935,MFS,0.12,12000
1935,MFS,0.13,14000
1935,MFS,0.15,16000
1935,MFS,0.17,18000
1935,MFS,0.19,20000
1935,MFS,0.21,22000
1935,MFS,0.23,26000
1935,MFS,0.25,32000
1935,MFS,0.28,38000
1935,MFS,0.31,44000
1935,MFS,0.34,50000
1935,MFS,0.37,56000
1935,MFS,0.4,62000
1935,MFS,0.43,68000
1935,MFS,0.46,74000
1935,MFS,0.49,80000
1935,MFS,0.54,90000
1935,MFS,0.56,100000
1935,MFS,0.57,150000
1935,MFS,0.58,200000
1935,MFS,0.59,300000
1935,MFS,0.6,400000
1935,MFS,0.61,500000
1935,MFS,0.62,750000
1935,MFS,0.63,1000000
1935,S,0.04,0
1935,S,0.08,4000
1935,S,0.09,6000
1935,S,0.1,8000
1935,S,0.11,10000
1935,S,0.12,12000
1935,S,0.13,14000
1935,S,0.15,16000
1935,S,0.17,18000
1935,S,0.19,20000
1935,S,0.21,22000
1935,S,0.23,26000
1935,S,0.25,32000
1935,S,0.28,38000
1935,S,0.31,44000
1935,S,0.34,50000
1935,S,0.37,56000
1935,S,0.4,62000
1935,S,0.43,68000
1935,S,0.46,74000
1935,S,0.49,80000
1935,S,0.54,90000
1935,S,0.56,100000
1935,S,0.57,150000
1935,S,0.58,200000
1935,S,0.59,300000
1935,S,0.6,400000
1935,S,0.61,500000
1935,S,0.62,750000
1935,S,0.63,1000000
1934,HOH,0.04,0
1934,HOH,0.08,4000
1934,HOH,0.09,6000
1934,HOH,0.1,8000
1934,HOH,0.11,10000
1934,HOH,0.12,12000
1934,HOH,0.13,14000
1934,HOH,0.15,16000
1934,HOH,0.17,18000
1934,HOH,0.19,20000
1934,HOH,0.21,22000
1934,HOH,0.23,26000
1934,HOH,0.25,32000
1934,HOH,0.28,38000
1934,HOH,0.31,44000
1934,HOH,0.34,50000
1934,HOH,0.37,56000
1934,HOH,0.4,62000
1934,HOH,0.43,68000
1934,HOH,0.46,74000
1934,HOH,0.49,80000
1934,HOH,0.54,90000
1934,HOH,0.56,100000
1934,HOH,0.57,150000
1934,HOH,0.58,200000
1934,HOH,0.59,300000
1934,HOH,0.6,400000
1934,HOH,0.61,500000
1934,HOH,0.62,750000
1934,HOH,0.63,1000000
1934,MFJ,0.04,0
1934,MFJ,0.08,4000
1934,MFJ,0.09,6000
1934,MFJ,0.1,8000
1934,MFJ,0.11,10000
1934,MFJ,0.12,12000
1934,MFJ,0.13,14000
1934,MFJ,0.15,16000
1934,MFJ,0.17,18000
1934,MFJ,0.19,20000
1934,MFJ,0.21,22000
1934,MFJ,0.23,26000
1934,MFJ,0.25,32000
1934,MFJ,0.28,38000
1934,MFJ,0.31,44000
1934,MFJ,0.34,50000
1934,MFJ,0.37,56000
1934,MFJ,0.4,62000
1934,MFJ,0.43,68000
1934,MFJ,0.46,74000
1934,MFJ,0.49,80000
1934,MFJ,0.54,90000
1934,MFJ,0.56,100000
1934,MFJ,0.57,150000
1934,MFJ,0.58,200000
1934,MFJ,0.59,300000
1934,MFJ,0.6,400000
1934,MFJ,0.61,500000
1934,MFJ,0.62,750000
1934,MFJ,0.63,1000000
1934,MFS,0.04,0
1934,MFS,0.08,4000
1934,MFS,0.09,6000
1934,MFS,0.1,8000
1934,MFS,0.11,10000
1934,MFS,0.12,12000
1934,MFS,0.13,14000
1934,MFS,0.15,16000
1934,MFS,0.17,18000
1934,MFS,0.19,20000
1934,MFS,0.21,22000
1934,MFS,0.23,26000
1934,MFS,0.25,32000
1934,MFS,0.28,38000
1934,MFS,0.31,44000
1934,MFS,0.34,50000
1934,MFS,0.37,56000
1934,MFS,0.4,62000
1934,MFS,0.43,68000
1934,MFS,0.46,74000
1934,MFS,0.49,80000
1934,MFS,0.54,90000
1934,MFS,0.56,100000
1934,MFS,0.57,150000
1934,MFS,0.58,200000
1934,MFS,0.59,300000
1934,MFS,0.6,400000
1934,MFS,0.61,500000
1934,MFS,0.62,750000
1934,MFS,0.63,1000000
1934,S,0.04,0
1934,S,0.08,4000
1934,S,0.09,6000
1934,S,0.1,8000
1934,S,0.11,10000
1934,S,0.12,12000
1934,S,0.13,14000
1934,S,0.15,16000
1934,S,0.17,18000
1934,S,0.19,20000
1934,S,0.21,22000
1934,S,0.23,26000
1934,S,0.25,32000
1934,S,0.28,38000
1934,S,0.31,44000
1934,S,0.34,50000
1934,S,0.37,56000
1934,S,0.4,62000
1934,S,0.43,68000
1934,S,0.46,74000
1934,S,0.49,80000
1934,S,0.54,90000
1934,S,0.56,100000
1934,S,0.57,150000
1934,S,0.58,200000
1934,S,0.59,300000
1934,S,0.6,400000
1934,S,0.61,500000
1934,S,0.62,750000
1934,S,0.63,1000000
1933,HOH,0.04,0
1933,HOH,0.08,4000
1933,HOH,0.09,6000
1933,HOH,0.1,10000
1933,HOH,0.11,12000
1933,HOH,0.12,14000
1933,HOH,0.13,16000
1933,HOH,0.14,18000
1933,HOH,0.16,20000
1933,HOH,0.17,22000
1933,HOH,0.18,24000
1933,HOH,0.19,26000
1933,HOH,0.2,28000
1933,HOH,0.21,30000
1933,HOH,0.23,32000
1933,HOH,0.24,36000
1933,HOH,0.25,38000
1933,HOH,0.26,40000
1933,HOH,0.27,42000
1933,HOH,0.28,44000
1933,HOH,0.29,46000
1933,HOH,0.3,48000
1933,HOH,0.31,50000
1933,HOH,0.32,52000
1933,HOH,0.33,54000
1933,HOH,0.34,56000
1933,HOH,0.35,58000
1933,HOH,0.36,60000
1933,HOH,0.37,62000
1933,HOH,0.38,64000
1933,HOH,0.39,66000
1933,HOH,0.4,68000
1933,HOH,0.41,70000
1933,HOH,0.42,72000
1933,HOH,0.43,74000
1933,HOH,0.44,76000
1933,HOH,0.45,78000
1933,HOH,0.46,80000
1933,HOH,0.47,82000
1933,HOH,0.48,84000
1933,HOH,0.49,86000
1933,HOH,0.5,88000
1933,HOH,0.51,90000
1933,HOH,0.52,92000
1933,HOH,0.53,94000
1933,HOH,0.54,96000
1933,HOH,0.55,98000
1933,HOH,0.56,100000
1933,HOH,0.57,150000
1933,HOH,0.58,200000
1933,HOH,0.59,300000
1933,HOH,0.6,400000
1933,HOH,0.61,500000
1933,HOH,0.62,750000
1933,HOH,0.63,1000000
1933,MFJ,0.04,0
1933,MFJ,0.08,4000
1933,MFJ,0.09,6000
1933,MFJ,0.1,10000
1933,MFJ,0.11,12000
1933,MFJ,0.12,14000
1933,MFJ,0.13,16000
1933,MFJ,0.14,18000
1933,MFJ,0.16,20000
1933,MFJ,0.17,22000
1933,MFJ,0.18,24000
1933,MFJ,0.19,26000
1933,MFJ,0.2,28000
1933,MFJ,0.21,30000
1933,MFJ,0.23,32000
1933,MFJ,0.24,36000
1933,MFJ,0.25,38000
1933,MFJ,0.26,40000
1933,MFJ,0.27,42000
1933,MFJ,0.28,44000
1933,MFJ,0.29,46000
1933,MFJ,0.3,48000
1933,MFJ,0.31,50000
1933,MFJ,0.32,52000
1933,MFJ,0.33,54000
1933,MFJ,0.34,56000
1933,MFJ,0.35,58000
1933,MFJ,0.36,60000
1933,MFJ,0.37,62000
1933,MFJ,0.38,64000
1933,MFJ,0.39,66000
1933,MFJ,0.4,68000
1933,MFJ,0.41,70000
1933,MFJ,0.42,72000
1933,MFJ,0.43,74000
1933,MFJ,0.44,76000
1933,MFJ,0.45,78000
1933,MFJ,0.46,80000
1933,MFJ,0.47,82000
1933,MFJ,0.48,84000
1933,MFJ,0.49,86000
1933,MFJ,0.5,88000
1933,MFJ,0.51,90000
1933,MFJ,0.52,92000
1933,MFJ,0.53,94000
1933,MFJ,0.54,96000
1933,MFJ,0.55,98000
1933,MFJ,0.56,100000
1933,MFJ,0.57,150000
1933,MFJ,0.58,200000
1933,MFJ,0.59,300000
1933,MFJ,0.6,400000
1933,MFJ,0.61,500000
1933,MFJ,0.62,750000
1933,MFJ,0.63,1000000
1933,MFS,0.04,0
1933,MFS,0.08,4000
1933,MFS,0.09,6000
1933,MFS,0.1,10000
1933,MFS,0.11,12000
1933,MFS,0.12,14000
1933,MFS,0.13,16000
1933,MFS,0.14,18000
1933,MFS,0.16,20000
1933,MFS,0.17,22000
1933,MFS,0.18,24000
1933,MFS,0.19,26000
1933,MFS,0.2,28000
1933,MFS,0.21,30000
1933,MFS,0.23,32000
1933,MFS,0.24,36000
1933,MFS,0.25,38000
1933,MFS,0.26,40000
1933,MFS,0.27,42000
1933,MFS,0.28,44000
1933,MFS,0.29,46000
1933,MFS,0.3,48000
1933,MFS,0.31,50000
1933,MFS,0.32,52000
1933,MFS,0.33,54000
1933,MFS,0.34,56000
1933,MFS,0.35,58000
1933,MFS,0.36,60000
1933,MFS,0.37,62000
1933,MFS,0.38,64000
1933,MFS,0.39,66000
1933,MFS,0.4,68000
1933,MFS,0.41,70000
1933,MFS,0.42,72000
1933,MFS,0.43,74000
1933,MFS,0.44,76000
1933,MFS,0.45,78000
1933,MFS,0.46,80000
1933,MFS,0.47,82000
1933,MFS,0.48,84000
1933,MFS,0.49,86000
1933,MFS,0.5,88000
1933,MFS,0.51,90000
1933,MFS,0.52,92000
1933,MFS,0.53,94000
1933,MFS,0.54,96000
1933,MFS,0.55,98000
1933,MFS,0.56,100000
1933,MFS,0.57,150000
1933,MFS,0.58,200000
1933,MFS,0.59,300000
1933,MFS,0.6,400000
1933,MFS,0.61,500000
1933,MFS,0.62,750000
1933,MFS,0.63,1000000
1933,S,0.04,0
1933,S,0.08,4000
1933,S,0.09,6000
1933,S,0.1,10000
1933,S,0.11,12000
1933,S,0.12,14000
1933,S,0.13,16000
1933,S,0.14,18000
1933,S,0.16,20000
1933,S,0.17,22000
1933,S,0.18,24000
1933,S,0.19,26000
1933,S,0.2,28000
1933,S,0.21,30000
1933,S,0.23,32000
1933,S,0.24,36000
1933,S,0.25,38000
1933,S,0.26,40000
1933,S,0.27,42000
1933,S,0.28,44000
1933,S,0.29,46000
1933,S,0.3,48000
1933,S,0.31,50000
1933,S,0.32,52000
1933,S,0.33,54000
1933,S,0.34,56000
1933,S,0.35,58000
1933,S,0.36,60000
1933,S,0.37,62000
1933,S,0.38,64000
1933,S,0.39,66000
1933,S,0.4,68000
1933,S,0.41,70000
1933,S,0.42,72000
1933,S,0.43,74000
1933,S,0.44,76000
1933,S,0.45,78000
1933,S,0.46,80000
1933,S,0.47,82000
1933,S,0.48,84000
1933,S,0.49,86000
1933,S,0.5,88000
1933,S,0.51,90000
1933,S,0.52,92000
1933,S,0.53,94000
1933,S,0.54,96000
1933,S,0.55,98000
1933,S,0.56,100000
1933,S,0.57,150000
1933,S,0.58,200000
1933,S,0.59,300000
1933,S,0.6,400000
1933,S,0.61,500000
1933,S,0.62,750000
1933,S,0.63,1000000
1932,HOH,0.04,0
1932,HOH,0.08,4000
1932,HOH,0.09,6000
1932,HOH,0.1,10000
1932,HOH,0.11,12000
1932,HOH,0.12,14000
1932,HOH,0.13,16000
1932,HOH,0.14,18000
1932,HOH,0.16,20000
1932,HOH,0.17,22000
1932,HOH,0.18,24000
1932,HOH,0.19,26000
1932,HOH,0.2,28000
1932,HOH,0.21,30000
1932,HOH,0.23,32000
1932,HOH,0.24,36000
1932,HOH,0.25,38000
1932,HOH,0.26,40000
1932,HOH,0.27,42000
1932,HOH,0.28,44000
1932,HOH,0.29,46000
1932,HOH,0.3,48000
1932,HOH,0.31,50000
1932,HOH,0.32,52000
1932,HOH,0.33,54000
1932,HOH,0.34,56000
1932,HOH,0.35,58000
1932,HOH,0.36,60000
1932,HOH,0.37,62000
1932,HOH,0.38,64000
1932,HOH,0.39,66000
1932,HOH,0.4,68000
1932,HOH,0.41,70000
1932,HOH,0.42,72000
1932,HOH,0.43,74000
1932,HOH,0.44,76000
1932,HOH,0.45,78000
1932,HOH,0.46,80000
1932,HOH,0.47,82000
1932,HOH,0.48,84000
1932,HOH,0.49,86000
1932,HOH,0.5,88000
1932,HOH,0.51,90000
1932,HOH,0.52,92000
1932,HOH,0.53,94000
1932,HOH,0.54,96000
1932,HOH,0.55,98000
1932,HOH,0.56,100000
1932,HOH,0.57,150000
1932,HOH,0.58,200000
1932,HOH,0.59,300000
1932,HOH,0.6,400000
1932,HOH,0.61,500000
1932,HOH,0.62,750000
1932,HOH,0.63,1000000
1932,MFJ,0.04,0
1932,MFJ,0.08,4000
1932,MFJ,0.09,6000
1932,MFJ,0.1,10000
1932,MFJ,0.11,12000
1932,MFJ,0.12,14000
1932,MFJ,0.13,16000
1932,MFJ,0.14,18000
1932,MFJ,0.16,20000
1932,MFJ,0.17,22000
1932,MFJ,0.18,24000
1932,MFJ,0.19,26000
1932,MFJ,0.2,28000
1932,MFJ,0.21,30000
1932,MFJ,0.23,32000
1932,MFJ,0.24,36000
1932,MFJ,0.25,38000
1932,MFJ,0.26,40000
1932,MFJ,0.27,42000
1932,MFJ,0.28,44000
1932,MFJ,0.29,46000
1932,MFJ,0.3,48000
1932,MFJ,0.31,50000
1932,MFJ,0.32,52000
1932,MFJ,0.33,54000
1932,MFJ,0.34,56000
1932,MFJ,0.35,58000
1932,MFJ,0.36,60000
1932,MFJ,0.37,62000
1932,MFJ,0.38,64000
1932,MFJ,0.39,66000
1932,MFJ,0.4,68000
1932,MFJ,0.41,70000
1932,MFJ,0.42,72000
1932,MFJ,0.43,74000
1932,MFJ,0.44,76000
1932,MFJ,0.45,78000
1932,MFJ,0.46,80000
1932,MFJ,0.47,82000
1932,MFJ,0.48,84000
1932,MFJ,0.49,86000
1932,MFJ,0.5,88000
1932,MFJ,0.51,90000
1932,MFJ,0.52,92000
1932,MFJ,0.53,94000
1932,MFJ,0.54,96000
1932,MFJ,0.55,98000
1932,MFJ,0.56,100000
1932,MFJ,0.57,150000
1932,MFJ,0.58,200000
1932,MFJ,0.59,300000
1932,MFJ,0.6,400000
1932,MFJ,0.61,500000
1932,MFJ,0.62,750000
1932,MFJ,0.63,1000000
1932,MFS,0.04,0
1932,MFS,0.08,4000
1932,MFS,0.09,6000
1932,MFS,0.1,10000
1932,MFS,0.11,12000
1932,MFS,0.12,14000
1932,MFS,0.13,16000
1932,MFS,0.14,18000
1932,MFS,0.16,20000
1932,MFS,0.17,22000
1932,MFS,0.18,24000
1932,MFS,0.19,26000
1932,MFS,0.2,28000
1932,MFS,0.21,30000
1932,MFS,0.23,32000
1932,MFS,0.24,36000
1932,MFS,0.25,38000
1932,MFS,0.26,40000
1932,MFS,0.27,42000
1932,MFS,0.28,44000
1932,MFS,0.29,46000
1932,MFS,0.3,48000
1932,MFS,0.31,50000
1932,MFS,0.32,52000
1932,MFS,0.33,54000
1932,MFS,0.34,56000
1932,MFS,0.35,58000
1932,MFS,0.36,60000
1932,MFS,0.37,62000
1932,MFS,0.38,64000
1932,MFS,0.39,66000
1932,MFS,0.4,68000
1932,MFS,0.41,70000
1932,MFS,0.42,72000
1932,MFS,0.43,74000
1932,MFS,0.44,76000
1932,MFS,0.45,78000
1932,MFS,0.46,80000
1932,MFS,0.47,82000
1932,MFS,0.48,84000
1932,MFS,0.49,86000
1932,MFS,0.5,88000
1932,MFS,0.51,90000
1932,MFS,0.52,92000
1932,MFS,0.53,94000
1932,MFS,0.54,96000
1932,MFS,0.55,98000
1932,MFS,0.56,100000
1932,MFS,0.57,150000
1932,MFS,0.58,200000
1932,MFS,0.59,300000
1932,MFS,0.6,400000
1932,MFS,0.61,500000
1932,MFS,0.62,750000
1932,MFS,0.63,1000000
1932,S,0.04,0
1932,S,0.08,4000
1932,S,0.09,6000
1932,S,0.1,10000
1932,S,0.11,12000
1932,S,0.12,14000
1932,S,0.13,16000
1932,S,0.14,18000
1932,S,0.16,20000
1932,S,0.17,22000
1932,S,0.18,24000
1932,S,0.19,26000
1932,S,0.2,28000
1932,S,0.21,30000
1932,S,0.23,32000
1932,S,0.24,36000
1932,S,0.25,38000
1932,S,0.26,40000
1932,S,0.27,42000
1932,S,0.28,44000
1932,S,0.29,46000
1932,S,0.3,48000
1932,S,0.31,50000
1932,S,0.32,52000
1932,S,0.33,54000
1932,S,0.34,56000
1932,S,0.35,58000
1932,S,0.36,60000
1932,S,0.37,62000
1932,S,0.38,64000
1932,S,0.39,66000
1932,S,0.4,68000
1932,S,0.41,70000
1932,S,0.42,72000
1932,S,0.43,74000
1932,S,0.44,76000
1932,S,0.45,78000
1932,S,0.46,80000
1932,S,0.47,82000
1932,S,0.48,84000
1932,S,0.49,86000
1932,S,0.5,88000
1932,S,0.51,90000
1932,S,0.52,92000
1932,S,0.53,94000
1932,S,0.54,96000
1932,S,0.55,98000
1932,S,0.56,100000
1932,S,0.57,150000
1932,S,0.58,200000
1932,S,0.59,300000
1932,S,0.6,400000
1932,S,0.61,500000
1932,S,0.62,750000
1932,S,0.63,1000000
1931,HOH,0.015,0
1931,HOH,0.03,4000
1931,HOH,0.05,8000
1931,HOH,0.06,10000
1931,HOH,0.07,14000
1931,HOH,0.08,16000
1931,HOH,0.09,18000
1931,HOH,0.1,20000
1931,HOH,0.11,22000
1931,HOH,0.12,24000
1931,HOH,0.13,28000
1931,HOH,0.14,32000
1931,HOH,0.15,36000
1931,HOH,0.16,40000
1931,HOH,0.17,44000
1931,HOH,0.18,48000
1931,HOH,0.19,52000
1931,HOH,0.2,56000
1931,HOH,0.21,60000
1931,HOH,0.22,64000
1931,HOH,0.23,70000
1931,HOH,0.24,80000
1931,HOH,0.25,100000
1931,MFJ,0.015,0
1931,MFJ,0.03,4000
1931,MFJ,0.05,8000
1931,MFJ,0.06,10000
1931,MFJ,0.07,14000
1931,MFJ,0.08,16000
1931,MFJ,0.09,18000
1931,MFJ,0.1,20000
1931,MFJ,0.11,22000
1931,MFJ,0.12,24000
1931,MFJ,0.13,28000
1931,MFJ,0.14,32000
1931,MFJ,0.15,36000
1931,MFJ,0.16,40000
1931,MFJ,0.17,44000
1931,MFJ,0.18,48000
1931,MFJ,0.19,52000
1931,MFJ,0.2,56000
1931,MFJ,0.21,60000
1931,MFJ,0.22,64000
1931,MFJ,0.23,70000
1931,MFJ,0.24,80000
1931,MFJ,0.25,100000
1931,MFS,0.015,0
1931,MFS,0.03,4000
1931,MFS,0.05,8000
1931,MFS,0.06,10000
1931,MFS,0.07,14000
1931,MFS,0.08,16000
1931,MFS,0.09,18000
1931,MFS,0.1,20000
1931,MFS,0.11,22000
1931,MFS,0.12,24000
1931,MFS,0.13,28000
1931,MFS,0.14,32000
1931,MFS,0.15,36000
1931,MFS,0.16,40000
1931,MFS,0.17,44000
1931,MFS,0.18,48000
1931,MFS,0.19,52000
1931,MFS,0.2,56000
1931,MFS,0.21,60000
1931,MFS,0.22,64000
1931,MFS,0.23,70000
1931,MFS,0.24,80000
1931,MFS,0.25,100000
1931,S,0.015,0
1931,S,0.03,4000
1931,S,0.05,8000
1931,S,0.06,10000
1931,S,0.07,14000
1931,S,0.08,16000
1931,S,0.09,18000
1931,S,0.1,20000
1931,S,0.11,22000
1931,S,0.12,24000
1931,S,0.13,28000
1931,S,0.14,32000
1931,S,0.15,36000
1931,S,0.16,40000
1931,S,0.17,44000
1931,S,0.18,48000
1931,S,0.19,52000
1931,S,0.2,56000
1931,S,0.21,60000
1931,S,0.22,64000
1931,S,0.23,70000
1931,S,0.24,80000
1931,S,0.25,100000
1930,HOH,0.015,0
1930,HOH,0.03,4000
1930,HOH,0.05,8000
1930,HOH,0.06,10000
1930,HOH,0.07,14000
1930,HOH,0.08,16000
1930,HOH,0.09,18000
1930,HOH,0.1,20000
1930,HOH,0.11,22000
1930,HOH,0.12,24000
1930,HOH,0.13,28000
1930,HOH,0.14,32000
1930,HOH,0.15,36000
1930,HOH,0.16,40000
1930,HOH,0.17,44000
1930,HOH,0.18,48000
1930,HOH,0.19,52000
1930,HOH,0.2,56000
1930,HOH,0.21,60000
1930,HOH,0.22,64000
1930,HOH,0.23,70000
1930,HOH,0.24,80000
1930,HOH,0.25,100000
1930,MFJ,0.015,0
1930,MFJ,0.03,4000
1930,MFJ,0.05,8000
1930,MFJ,0.06,10000
1930,MFJ,0.07,14000
1930,MFJ,0.08,16000
1930,MFJ,0.09,18000
1930,MFJ,0.1,20000
1930,MFJ,0.11,22000
1930,MFJ,0.12,24000
1930,MFJ,0.13,28000
1930,MFJ,0.14,32000
1930,MFJ,0.15,36000
1930,MFJ,0.16,40000
1930,MFJ,0.17,44000
1930,MFJ,0.18,48000
1930,MFJ,0.19,52000
1930,MFJ,0.2,56000
1930,MFJ,0.21,60000
1930,MFJ,0.22,64000
1930,MFJ,0.23,70000
1930,MFJ,0.24,80000
1930,MFJ,0.25,100000
1930,MFS,0.015,0
1930,MFS,0.03,4000
1930,MFS,0.05,8000
1930,MFS,0.06,10000
1930,MFS,0.07,14000
1930,MFS,0.08,16000
1930,MFS,0.09,18000
1930,MFS,0.1,20000
1930,MFS,0.11,22000
1930,MFS,0.12,24000
1930,MFS,0.13,28000
1930,MFS,0.14,32000
1930,MFS,0.15,36000
1930,MFS,0.16,40000
1930,MFS,0.17,44000
1930,MFS,0.18,48000
1930,MFS,0.19,52000
1930,MFS,0.2,56000
1930,MFS,0.21,60000
1930,MFS,0.22,64000
1930,MFS,0.23,70000
1930,MFS,0.24,80000
1930,MFS,0.25,100000
1930,S,0.015,0
1930,S,0.03,4000
1930,S,0.05,8000
1930,S,0.06,10000
1930,S,0.07,14000
1930,S,0.08,16000
1930,S,0.09,18000
1930,S,0.1,20000
1930,S,0.11,22000
1930,S,0.12,24000
1930,S,0.13,28000
1930,S,0.14,32000
1930,S,0.15,36000
1930,S,0.16,40000
1930,S,0.17,44000
1930,S,0.18,48000
1930,S,0.19,52000
1930,S,0.2,56000
1930,S,0.21,60000
1930,S,0.22,64000
1930,S,0.23,70000
1930,S,0.24,80000
1930,S,0.25,100000
1929,HOH,0.015,0
1929,HOH,0.03,4000
1929,HOH,0.05,8000
1929,HOH,0.06,10000
1929,HOH,0.07,14000
1929,HOH,0.08,16000
1929,HOH,0.09,18000
1929,HOH,0.1,20000
1929,HOH,0.11,22000
1929,HOH,0.12,24000
1929,HOH,0.13,28000
1929,HOH,0.14,32000
1929,HOH,0.15,36000
1929,HOH,0.16,40000
1929,HOH,0.17,44000
1929,HOH,0.18,48000
1929,HOH,0.19,52000
1929,HOH,0.2,56000
1929,HOH,0.21,60000
1929,HOH,0.22,64000
1929,HOH,0.23,70000
1929,HOH,0.24,80000
1929,HOH,0.25,100000
1929,MFJ,0.015,0
1929,MFJ,0.03,4000
1929,MFJ,0.05,8000
1929,MFJ,0.06,10000
1929,MFJ,0.07,14000
1929,MFJ,0.08,16000
1929,MFJ,0.09,18000
1929,MFJ,0.1,20000
1929,MFJ,0.11,22000
1929,MFJ,0.12,24000
1929,MFJ,0.13,28000
1929,MFJ,0.14,32000
1929,MFJ,0.15,36000
1929,MFJ,0.16,40000
1929,MFJ,0.17,44000
1929,MFJ,0.18,48000
1929,MFJ,0.19,52000
1929,MFJ,0.2,56000
1929,MFJ,0.21,60000
1929,MFJ,0.22,64000
1929,MFJ,0.23,70000
1929,MFJ,0.24,80000
1929,MFJ,0.25,100000
1929,MFS,0.015,0
1929,MFS,0.03,4000
1929,MFS,0.05,8000
1929,MFS,0.06,10000
1929,MFS,0.07,14000
1929,MFS,0.08,16000
1929,MFS,0.09,18000
1929,MFS,0.1,20000
1929,MFS,0.11,22000
1929,MFS,0.12,24000
1929,MFS,0.13,28000
1929,MFS,0.14,32000
1929,MFS,0.15,36000
1929,MFS,0.16,40000
1929,MFS,0.17,44000
1929,MFS,0.18,48000
1929,MFS,0.19,52000
1929,MFS,0.2,56000
1929,MFS,0.21,60000
1929,MFS,0.22,64000
1929,MFS,0.23,70000
1929,MFS,0.24,80000
1929,MFS,0.25,100000
1929,S,0.015,0
1929,S,0.03,4000
1929,S,0.05,8000
1929,S,0.06,10000
1929,S,0.07,14000
1929,S,0.08,16000
1929,S,0.09,18000
1929,S,0.1,20000
1929,S,0.11,22000
1929,S,0.12,24000
1929,S,0.13,28000
1929,S,0.14,32000
1929,S,0.15,36000
1929,S,0.16,40000
1929,S,0.17,44000
1929,S,0.18,48000
1929,S,0.19,52000
1929,S,0.2,56000
1929,S,0.21,60000
1929,S,0.22,64000
1929,S,0.23,70000
1929,S,0.24,80000
1929,S,0.25,100000
1928,HOH,0.015,0
1928,HOH,0.03,4000
1928,HOH,0.05,8000
1928,HOH,0.06,10000
1928,HOH,0.07,14000
1928,HOH,0.08,16000
1928,HOH,0.09,18000
1928,HOH,0.1,20000
1928,HOH,0.11,22000
1928,HOH,0.12,24000
1928,HOH,0.13,28000
1928,HOH,0.14,32000
1928,HOH,0.15,36000
1928,HOH,0.16,40000
1928,HOH,0.17,44000
1928,HOH,0.18,48000
1928,HOH,0.19,52000
1928,HOH,0.2,56000
1928,HOH,0.21,60000
1928,HOH,0.22,64000
1928,HOH,0.23,70000
1928,HOH,0.24,80000
1928,HOH,0.25,100000
1928,MFJ,0.015,0
1928,MFJ,0.03,4000
1928,MFJ,0.05,8000
1928,MFJ,0.06,10000
1928,MFJ,0.07,14000
1928,MFJ,0.08,16000
1928,MFJ,0.09,18000
1928,MFJ,0.1,20000
1928,MFJ,0.11,22000
1928,MFJ,0.12,24000
1928,MFJ,0.13,28000
1928,MFJ,0.14,32000
1928,MFJ,0.15,36000
1928,MFJ,0.16,40000
1928,MFJ,0.17,44000
1928,MFJ,0.18,48000
1928,MFJ,0.19,52000
1928,MFJ,0.2,56000
1928,MFJ,0.21,60000
1928,MFJ,0.22,64000
1928,MFJ,0.23,70000
1928,MFJ,0.24,80000
1928,MFJ,0.25,100000
1928,MFS,0.015,0
1928,MFS,0.03,4000
1928,MFS,0.05,8000
1928,MFS,0.06,10000
1928,MFS,0.07,14000
1928,MFS,0.08,16000
1928,MFS,0.09,18000
1928,MFS,0.1,20000
1928,MFS,0.11,22000
1928,MFS,0.12,24000
1928,MFS,0.13,28000
1928,MFS,0.14,32000
1928,MFS,0.15,36000
1928,MFS,0.16,40000
1928,MFS,0.17,44000
1928,MFS,0.18,48000
1928,MFS,0.19,52000
1928,MFS,0.2,56000
1928,MFS,0.21,60000
1928,MFS,0.22,64000
1928,MFS,0.23,70000
1928,MFS,0.24,80000
1928,MFS,0.25,100000
1928,S,0.015,0
1928,S,0.03,4000
1928,S,0.05,8000
1928,S,0.06,10000
1928,S,0.07,14000
1928,S,0.08,16000
1928,S,0.09,18000
1928,S,0.1,20000
1928,S,0.11,22000
1928,S,0.12,24000
1928,S,0.13,28000
1928,S,0.14,32000
1928,S,0.15,36000
1928,S,0.16,40000
1928,S,0.17,44000
1928,S,0.18,48000
1928,S,0.19,52000
1928,S,0.2,56000
1928,S,0.21,60000
1928,S,0.22,64000
1928,S,0.23,70000
1928,S,0.24,80000
1928,S,0.25,100000
1927,HOH,0.015,0
1927,HOH,0.03,4000
1927,HOH,0.05,8000
1927,HOH,0.06,10000
1927,HOH,0.07,14000
1927,HOH,0.08,16000
1927,HOH,0.09,18000
1927,HOH,0.1,20000
1927,HOH,0.11,22000
1927,HOH,0.12,24000
1927,HOH,0.13,28000
1927,HOH,0.14,32000
1927,HOH,0.15,36000
1927,HOH,0.16,40000
1927,HOH,0.17,44000
1927,HOH,0.18,48000
1927,HOH,0.19,52000
1927,HOH,0.2,56000
1927,HOH,0.21,60000
1927,HOH,0.22,64000
1927,HOH,0.23,70000
1927,HOH,0.24,80000
1927,HOH,0.25,100000
1927,MFJ,0.015,0
1927,MFJ,0.03,4000
1927,MFJ,0.05,8000
1927,MFJ,0.06,10000
1927,MFJ,0.07,14000
1927,MFJ,0.08,16000
1927,MFJ,0.09,18000
1927,MFJ,0.1,20000
1927,MFJ,0.11,22000
1927,MFJ,0.12,24000
1927,MFJ,0.13,28000
1927,MFJ,0.14,32000
1927,MFJ,0.15,36000
1927,MFJ,0.16,40000
1927,MFJ,0.17,44000
1927,MFJ,0.18,48000
1927,MFJ,0.19,52000
1927,MFJ,0.2,56000
1927,MFJ,0.21,60000
1927,MFJ,0.22,64000
1927,MFJ,0.23,70000
1927,MFJ,0.24,80000
1927,MFJ,0.25,100000
1927,MFS,0.015,0
1927,MFS,0.03,4000
1927,MFS,0.05,8000
1927,MFS,0.06,10000
1927,MFS,0.07,14000
1927,MFS,0.08,16000
1927,MFS,0.09,18000
1927,MFS,0.1,20000
1927,MFS,0.11,22000
1927,MFS,0.12,24000
1927,MFS,0.13,28000
1927,MFS,0.14,32000
1927,MFS,0.15,36000
1927,MFS,0.16,40000
1927,MFS,0.17,44000
1927,MFS,0.18,48000
1927,MFS,0.19,52000
1927,MFS,0.2,56000
1927,MFS,0.21,60000
1927,MFS,0.22,64000
1927,MFS,0.23,70000
1927,MFS,0.24,80000
1927,MFS,0.25,100000
1927,S,0.015,0
1927,S,0.03,4000
1927,S,0.05,8000
1927,S,0.06,10000
1927,S,0.07,14000
1927,S,0.08,16000
1927,S,0.09,18000
1927,S,0.1,20000
1927,S,0.11,22000
1927,S,0.12,24000
1927,S,0.13,28000
1927,S,0.14,32000
1927,S,0.15,36000
1927,S,0.16,40000
1927,S,0.17,44000
1927,S,0.18,48000
1927,S,0.19,52000
1927,S,0.2,56000
1927,S,0.21,60000
1927,S,0.22,64000
1927,S,0.23,70000
1927,S,0.24,80000
1927,S,0.25,100000
1926,HOH,0.015,0
1926,HOH,0.03,4000
1926,HOH,0.05,8000
1926,HOH,0.06,10000
1926,HOH,0.07,14000
1926,HOH,0.08,16000
1926,HOH,0.09,18000
1926,HOH,0.1,20000
1926,HOH,0.11,22000
1926,HOH,0.12,24000
1926,HOH,0.13,28000
1926,HOH,0.14,32000
1926,HOH,0.15,36000
1926,HOH,0.16,40000
1926,HOH,0.17,44000
1926,HOH,0.18,48000
1926,HOH,0.19,52000
1926,HOH,0.2,56000
1926,HOH,0.21,60000
1926,HOH,0.22,64000
1926,HOH,0.23,70000
1926,HOH,0.24,80000
1926,HOH,0.25,100000
1926,MFJ,0.015,0
1926,MFJ,0.03,4000
1926,MFJ,0.05,8000
1926,MFJ,0.06,10000
1926,MFJ,0.07,14000
1926,MFJ,0.08,16000
1926,MFJ,0.09,18000
1926,MFJ,0.1,20000
1926,MFJ,0.11,22000
1926,MFJ,0.12,24000
1926,MFJ,0.13,28000
1926,MFJ,0.14,32000
1926,MFJ,0.15,36000
1926,MFJ,0.16,40000
1926,MFJ,0.17,44000
1926,MFJ,0.18,48000
1926,MFJ,0.19,52000
1926,MFJ,0.2,56000
1926,MFJ,0.21,60000
1926,MFJ,0.22,64000
1926,MFJ,0.23,70000
1926,MFJ,0.24,80000
1926,MFJ,0.25,100000
1926,MFS,0.015,0
1926,MFS,0.03,4000
1926,MFS,0.05,8000
1926,MFS,0.06,10000
1926,MFS,0.07,14000
1926,MFS,0.08,16000
1926,MFS,0.09,18000
1926,MFS,0.1,20000
1926,MFS,0.11,22000
1926,MFS,0.12,24000
1926,MFS,0.13,28000
1926,MFS,0.14,32000
1926,MFS,0.15,36000
1926,MFS,0.16,40000
1926,MFS,0.17,44000
1926,MFS,0.18,48000
1926,MFS,0.19,52000
1926,MFS,0.2,56000
1926,MFS,0.21,60000
1926,MFS,0.22,64000
1926,MFS,0.23,70000
1926,MFS,0.24,80000
1926,MFS,0.25,100000
1926,S,0.015,0
1926,S,0.03,4000
1926,S,0.05,8000
1926,S,0.06,10000
1926,S,0.07,14000
1926,S,0.08,16000
1926,S,0.09,18000
1926,S,0.1,20000
1926,S,0.11,22000
1926,S,0.12,24000
1926,S,0.13,28000
1926,S,0.14,32000
1926,S,0.15,36000
1926,S,0.16,40000
1926,S,0.17,44000
1926,S,0.18,48000
1926,S,0.19,52000
1926,S,0.2,56000
1926,S,0.21,60000
1926,S,0.22,64000
1926,S,0.23,70000
1926,S,0.24,80000
1926,S,0.25,100000
1925,HOH,0.015,0
1925,HOH,0.03,4000
1925,HOH,0.05,8000
1925,HOH,0.06,10000
1925,HOH,0.07,14000
1925,HOH,0.08,16000
1925,HOH,0.09,18000
1925,HOH,0.1,20000
1925,HOH,0.11,22000
1925,HOH,0.12,24000
1925,HOH,0.13,28000
1925,HOH,0.14,32000
1925,HOH,0.15,36000
1925,HOH,0.16,40000
1925,HOH,0.17,44000
1925,HOH,0.18,48000
1925,HOH,0.19,52000
1925,HOH,0.2,56000
1925,HOH,0.21,60000
1925,HOH,0.22,64000
1925,HOH,0.23,70000
1925,HOH,0.24,80000
1925,HOH,0.25,100000
1925,MFJ,0.015,0
1925,MFJ,0.03,4000
1925,MFJ,0.05,8000
1925,MFJ,0.06,10000
1925,MFJ,0.07,14000
1925,MFJ,0.08,16000
1925,MFJ,0.09,18000
1925,MFJ,0.1,20000
1925,MFJ,0.11,22000
1925,MFJ,0.12,24000
1925,MFJ,0.13,28000
1925,MFJ,0.14,32000
1925,MFJ,0.15,36000
1925,MFJ,0.16,40000
1925,MFJ,0.17,44000
1925,MFJ,0.18,48000
1925,MFJ,0.19,52000
1925,MFJ,0.2,56000
1925,MFJ,0.21,60000
1925,MFJ,0.22,64000
1925,MFJ,0.23,70000
1925,MFJ,0.24,80000
1925,MFJ,0.25,100000
1925,MFS,0.015,0
1925,MFS,0.03,4000
1925,MFS,0.05,8000
1925,MFS,0.06,10000
1925,MFS,0.07,14000
1925,MFS,0.08,16000
1925,MFS,0.09,18000
1925,MFS,0.1,20000
1925,MFS,0.11,22000
1925,MFS,0.12,24000
1925,MFS,0.13,28000
1925,MFS,0.14,32000
1925,MFS,0.15,36000
1925,MFS,0.16,40000
1925,MFS,0.17,44000
1925,MFS,0.18,48000
1925,MFS,0.19,52000
1925,MFS,0.2,56000
1925,MFS,0.21,60000
1925,MFS,0.22,64000
1925,MFS,0.23,70000
1925,MFS,0.24,80000
1925,MFS,0.25,100000
1925,S,0.015,0
1925,S,0.03,4000
1925,S,0.05,8000
1925,S,0.06,10000
1925,S,0.07,14000
1925,S,0.08,16000
1925,S,0.09,18000
1925,S,0.1,20000
1925,S,0.11,22000
1925,S,0.12,24000
1925,S,0.13,28000
1925,S,0.14,32000
1925,S,0.15,36000
1925,S,0.16,40000
1925,S,0.17,44000
1925,S,0.18,48000
1925,S,0.19,52000
1925,S,0.2,56000
1925,S,0.21,60000
1925,S,0.22,64000
1925,S,0.23,70000
1925,S,0.24,80000
1925,S,0.25,100000
1924,HOH,0.02,0
1924,HOH,0.04,4000
1924,HOH,0.06,8000
1924,HOH,0.07,10000
1924,HOH,0.08,14000
1924,HOH,0.09,16000
1924,HOH,0.1,18000
1924,HOH,0.11,20000
1924,HOH,0.12,22000
1924,HOH,0.13,24000
1924,HOH,0.14,26000
1924,HOH,0.15,28000
1924,HOH,0.16,30000
1924,HOH,0.17,34000
1924,HOH,0.18,36000
1924,HOH,0.19,38000
1924,HOH,0.2,42000
1924,HOH,0.21,44000
1924,HOH,0.22,46000
1924,HOH,0.23,48000
1924,HOH,0.24,50000
1924,HOH,0.25,52000
1924,HOH,0.26,56000
1924,HOH,0.27,58000
1924,HOH,0.28,62000
1924,HOH,0.29,64000
1924,HOH,0.3,66000
1924,HOH,0.31,68000
1924,HOH,0.32,70000
1924,HOH,0.33,74000
1924,HOH,0.34,76000
1924,HOH,0.35,80000
1924,HOH,0.36,82000
1924,HOH,0.37,84000
1924,HOH,0.38,88000
1924,HOH,0.39,90000
1924,HOH,0.4,92000
1924,HOH,0.41,94000
1924,HOH,0.42,96000
1924,HOH,0.43,100000
1924,HOH,0.44,200000
1924,HOH,0.45,300000
1924,HOH,0.46,500000
1924,MFJ,0.02,0
1924,MFJ,0.04,4000
1924,MFJ,0.06,8000
1924,MFJ,0.07,10000
1924,MFJ,0.08,14000
1924,MFJ,0.09,16000
1924,MFJ,0.1,18000
1924,MFJ,0.11,20000
1924,MFJ,0.12,22000
1924,MFJ,0.13,24000
1924,MFJ,0.14,26000
1924,MFJ,0.15,28000
1924,MFJ,0.16,30000
1924,MFJ,0.17,34000
1924,MFJ,0.18,36000
1924,MFJ,0.19,38000
1924,MFJ,0.2,42000
1924,MFJ,0.21,44000
1924,MFJ,0.22,46000
1924,MFJ,0.23,48000
1924,MFJ,0.24,50000
1924,MFJ,0.25,52000
1924,MFJ,0.26,56000
1924,MFJ,0.27,58000
1924,MFJ,0.28,62000
1924,MFJ,0.29,64000
1924,MFJ,0.3,66000
1924,MFJ,0.31,68000
1924,MFJ,0.32,70000
1924,MFJ,0.33,74000
1924,MFJ,0.34,76000
1924,MFJ,0.35,80000
1924,MFJ,0.36,82000
1924,MFJ,0.37,84000
1924,MFJ,0.38,88000
1924,MFJ,0.39,90000
1924,MFJ,0.4,92000
1924,MFJ,0.41,94000
1924,MFJ,0.42,96000
1924,MFJ,0.43,100000
1924,MFJ,0.44,200000
1924,MFJ,0.45,300000
1924,MFJ,0.46,500000
1924,MFS,0.02,0
1924,MFS,0.04,4000
1924,MFS,0.06,8000
1924,MFS,0.07,10000
1924,MFS,0.08,14000
1924,MFS,0.09,16000
1924,MFS,0.1,18000
1924,MFS,0.11,20000
1924,MFS,0.12,22000
1924,MFS,0.13,24000
1924,MFS,0.14,26000
1924,MFS,0.15,28000
1924,MFS,0.16,30000
1924,MFS,0.17,34000
1924,MFS,0.18,36000
1924,MFS,0.19,38000
1924,MFS,0.2,42000
1924,MFS,0.21,44000
1924,MFS,0.22,46000
1924,MFS,0.23,48000
1924,MFS,0.24,50000
1924,MFS,0.25,52000
1924,MFS,0.26,56000
1924,MFS,0.27,58000
1924,MFS,0.28,62000
1924,MFS,0.29,64000
1924,MFS,0.3,66000
1924,MFS,0.31,68000
1924,MFS,0.32,70000
1924,MFS,0.33,74000
1924,MFS,0.34,76000
1924,MFS,0.35,80000
1924,MFS,0.36,82000
1924,MFS,0.37,84000
1924,MFS,0.38,88000
1924,MFS,0.39,90000
1924,MFS,0.4,92000
1924,MFS,0.41,94000
1924,MFS,0.42,96000
1924,MFS,0.43,100000
1924,MFS,0.44,200000
1924,MFS,0.45,300000
1924,MFS,0.46,500000
1924,S,0.02,0
1924,S,0.04,4000
1924,S,0.06,8000
1924,S,0.07,10000
1924,S,0.08,14000
1924,S,0.09,16000
1924,S,0.1,18000
1924,S,0.11,20000
1924,S,0.12,22000
1924,S,0.13,24000
1924,S,0.14,26000
1924,S,0.15,28000
1924,S,0.16,30000
1924,S,0.17,34000
1924,S,0.18,36000
1924,S,0.19,38000
1924,S,0.2,42000
1924,S,0.21,44000
1924,S,0.22,46000
1924,S,0.23,48000
1924,S,0.24,50000
1924,S,0.25,52000
1924,S,0.26,56000
1924,S,0.27,58000
1924,S,0.28,62000
1924,S,0.29,64000
1924,S,0.3,66000
1924,S,0.31,68000
1924,S,0.32,70000
1924,S,0.33,74000
1924,S,0.34,76000
1924,S,0.35,80000
1924,S,0.36,82000
1924,S,0.37,84000
1924,S,0.38,88000
1924,S,0.39,90000
1924,S,0.4,92000
1924,S,0.41,94000
1924,S,0.42,96000
1924,S,0.43,100000
1924,S,0.44,200000
1924,S,0.45,300000
1924,S,0.46,500000
1923,HOH,0.04,0
1923,HOH,0.08,4000
1923,HOH,0.09,6000
1923,HOH,0.1,10000
1923,HOH,0.11,12000
1923,HOH,0.12,14000
1923,HOH,0.13,16000
1923,HOH,0.14,18000
1923,HOH,0.16,20000
1923,HOH,0.17,22000
1923,HOH,0.18,24000
1923,HOH,0.19,26000
1923,HOH,0.2,28000
1923,HOH,0.21,30000
1923,HOH,0.23,32000
1923,HOH,0.24,36000
1923,HOH,0.25,38000
1923,HOH,0.26,40000
1923,HOH,0.27,42000
1923,HOH,0.28,44000
1923,HOH,0.29,46000
1923,HOH,0.3,48000
1923,HOH,0.31,50000
1923,HOH,0.32,52000
1923,HOH,0.33,54000
1923,HOH,0.34,56000
1923,HOH,0.35,58000
1923,HOH,0.36,60000
1923,HOH,0.37,62000
1923,HOH,0.38,64000
1923,HOH,0.39,66000
1923,HOH,0.4,68000
1923,HOH,0.41,70000
1923,HOH,0.42,72000
1923,HOH,0.43,74000
1923,HOH,0.44,76000
1923,HOH,0.45,78000
1923,HOH,0.46,80000
1923,HOH,0.47,82000
1923,HOH,0.48,84000
1923,HOH,0.49,86000
1923,HOH,0.5,88000
1923,HOH,0.51,90000
1923,HOH,0.52,92000
1923,HOH,0.53,94000
1923,HOH,0.54,96000
1923,HOH,0.55,98000
1923,HOH,0.56,100000
1923,HOH,0.57,150000
1923,HOH,0.58,200000
1923,MFJ,0.04,0
1923,MFJ,0.08,4000
1923,MFJ,0.09,6000
1923,MFJ,0.1,10000
1923,MFJ,0.11,12000
1923,MFJ,0.12,14000
1923,MFJ,0.13,16000
1923,MFJ,0.14,18000
1923,MFJ,0.16,20000
1923,MFJ,0.17,22000
1923,MFJ,0.18,24000
1923,MFJ,0.19,26000
1923,MFJ,0.2,28000
1923,MFJ,0.21,30000
1923,MFJ,0.23,32000
1923,MFJ,0.24,36000
1923,MFJ,0.25,38000
1923,MFJ,0.26,40000
1923,MFJ,0.27,42000
1923,MFJ,0.28,44000
1923,MFJ,0.29,46000
1923,MFJ,0.3,48000
1923,MFJ,0.31,50000
1923,MFJ,0.32,52000
1923,MFJ,0.33,54000
1923,MFJ,0.34,56000
1923,MFJ,0.35,58000
1923,MFJ,0.36,60000
1923,MFJ,0.37,62000
1923,MFJ,0.38,64000
1923,MFJ,0.39,66000
1923,MFJ,0.4,68000
1923,MFJ,0.41,70000
1923,MFJ,0.42,72000
1923,MFJ,0.43,74000
1923,MFJ,0.44,76000
1923,MFJ,0.45,78000
1923,MFJ,0.46,80000
1923,MFJ,0.47,82000
1923,MFJ,0.48,84000
1923,MFJ,0.49,86000
1923,MFJ,0.5,88000
1923,MFJ,0.51,90000
1923,MFJ,0.52,92000
1923,MFJ,0.53,94000
1923,MFJ,0.54,96000
1923,MFJ,0.55,98000
1923,MFJ,0.56,100000
1923,MFJ,0.57,150000
1923,MFJ,0.58,200000
1923,MFS,0.04,0
1923,MFS,0.08,4000
1923,MFS,0.09,6000
1923,MFS,0.1,10000
1923,MFS,0.11,12000
1923,MFS,0.12,14000
1923,MFS,0.13,16000
1923,MFS,0.14,18000
1923,MFS,0.16,20000
1923,MFS,0.17,22000
1923,MFS,0.18,24000
1923,MFS,0.19,26000
1923,MFS,0.2,28000
1923,MFS,0.21,30000
1923,MFS,0.23,32000
1923,MFS,0.24,36000
1923,MFS,0.25,38000
1923,MFS,0.26,40000
1923,MFS,0.27,42000
1923,MFS,0.28,44000
1923,MFS,0.29,46000
1923,MFS,0.3,48000
1923,MFS,0.31,50000
1923,MFS,0.32,52000
1923,MFS,0.33,54000
1923,MFS,0.34,56000
1923,MFS,0.35,58000
1923,MFS,0.36,60000
1923,MFS,0.37,62000
1923,MFS,0.38,64000
1923,MFS,0.39,66000
1923,MFS,0.4,68000
1923,MFS,0.41,70000
1923,MFS,0.42,72000
1923,MFS,0.43,74000
1923,MFS,0.44,76000
1923,MFS,0.45,78000
1923,MFS,0.46,80000
1923,MFS,0.47,82000
1923,MFS,0.48,84000
1923,MFS,0.49,86000
1923,MFS,0.5,88000
1923,MFS,0.51,90000
1923,MFS,0.52,92000
1923,MFS,0.53,94000
1923,MFS,0.54,96000
1923,MFS,0.55,98000
1923,MFS,0.56,100000
1923,MFS,0.57,150000
1923,MFS,0.58,200000
1923,S,0.04,0
1923,S,0.08,4000
1923,S,0.09,6000
1923,S,0.1,10000
1923,S,0.11,12000
1923,S,0.12,14000
1923,S,0.13,16000
1923,S,0.14,18000
1923,S,0.16,20000
1923,S,0.17,22000
1923,S,0.18,24000
1923,S,0.19,26000
1923,S,0.2,28000
1923,S,0.21,30000
1923,S,0.23,32000
1923,S,0.24,36000
1923,S,0.25,38000
1923,S,0.26,40000
1923,S,0.27,42000
1923,S,0.28,44000
1923,S,0.29,46000
1923,S,0.3,48000
1923,S,0.31,50000
1923,S,0.32,52000
1923,S,0.33,54000
1923,S,0.34,56000
1923,S,0.35,58000
1923,S,0.36,60000
1923,S,0.37,62000
1923,S,0.38,64000
1923,S,0.39,66000
1923,S,0.4,68000
1923,S,0.41,70000
1923,S,0.42,72000
1923,S,0.43,74000
1923,S,0.44,76000
1923,S,0.45,78000
1923,S,0.46,80000
1923,S,0.47,82000
1923,S,0.48,84000
1923,S,0.49,86000
1923,S,0.5,88000
1923,S,0.51,90000
1923,S,0.52,92000
1923,S,0.53,94000
1923,S,0.54,96000
1923,S,0.55,98000
1923,S,0.56,100000
1923,S,0.57,150000
1923,S,0.58,200000
1922,HOH,0.04,0
1922,HOH,0.08,4000
1922,HOH,0.09,6000
1922,HOH,0.1,10000
1922,HOH,0.11,12000
1922,HOH,0.12,14000
1922,HOH,0.13,16000
1922,HOH,0.14,18000
1922,HOH,0.16,20000
1922,HOH,0.17,22000
1922,HOH,0.18,24000
1922,HOH,0.19,26000
1922,HOH,0.2,28000
1922,HOH,0.21,30000
1922,HOH,0.23,32000
1922,HOH,0.24,36000
1922,HOH,0.25,38000
1922,HOH,0.26,40000
1922,HOH,0.27,42000
1922,HOH,0.28,44000
1922,HOH,0.29,46000
1922,HOH,0.3,48000
1922,HOH,0.31,50000
1922,HOH,0.32,52000
1922,HOH,0.33,54000
1922,HOH,0.34,56000
1922,HOH,0.35,58000
1922,HOH,0.36,60000
1922,HOH,0.37,62000
1922,HOH,0.38,64000
1922,HOH,0.39,66000
1922,HOH,0.4,68000
1922,HOH,0.41,70000
1922,HOH,0.42,72000
1922,HOH,0.43,74000
1922,HOH,0.44,76000
1922,HOH,0.45,78000
1922,HOH,0.46,80000
1922,HOH,0.47,82000
1922,HOH,0.48,84000
1922,HOH,0.49,86000
1922,HOH,0.5,88000
1922,HOH,0.51,90000
1922,HOH,0.52,92000
1922,HOH,0.53,94000
1922,HOH,0.54,96000
1922,HOH,0.55,98000
1922,HOH,0.56,100000
1922,HOH,0.57,150000
1922,HOH,0.58,200000
1922,MFJ,0.04,0
1922,MFJ,0.08,4000
1922,MFJ,0.09,6000
1922,MFJ,0.1,10000
1922,MFJ,0.11,12000
1922,MFJ,0.12,14000
1922,MFJ,0.13,16000
1922,MFJ,0.14,18000
1922,MFJ,0.16,20000
1922,MFJ,0.17,22000
1922,MFJ,0.18,24000
1922,MFJ,0.19,26000
1922,MFJ,0.2,28000
1922,MFJ,0.21,30000
1922,MFJ,0.23,32000
1922,MFJ,0.24,36000
1922,MFJ,0.25,38000
1922,MFJ,0.26,40000
1922,MFJ,0.27,42000
1922,MFJ,0.28,44000
1922,MFJ,0.29,46000
1922,MFJ,0.3,48000
1922,MFJ,0.31,50000
1922,MFJ,0.32,52000
1922,MFJ,0.33,54000
1922,MFJ,0.34,56000
1922,MFJ,0.35,58000
1922,MFJ,0.36,60000
1922,MFJ,0.37,62000
1922,MFJ,0.38,64000
1922,MFJ,0.39,66000
1922,MFJ,0.4,68000
1922,MFJ,0.41,70000
1922,MFJ,0.42,72000
1922,MFJ,0.43,74000
1922,MFJ,0.44,76000
1922,MFJ,0.45,78000
1922,MFJ,0.46,80000
1922,MFJ,0.47,82000
1922,MFJ,0.48,84000
1922,MFJ,0.49,86000
1922,MFJ,0.5,88000
1922,MFJ,0.51,90000
1922,MFJ,0.52,92000
1922,MFJ,0.53,94000
1922,MFJ,0.54,96000
1922,MFJ,0.55,98000
1922,MFJ,0.56,100000
1922,MFJ,0.57,150000
1922,MFJ,0.58,200000
1922,MFS,0.04,0
1922,MFS,0.08,4000
1922,MFS,0.09,6000
1922,MFS,0.1,10000
1922,MFS,0.11,12000
1922,MFS,0.12,14000
1922,MFS,0.13,16000
1922,MFS,0.14,18000
1922,MFS,0.16,20000
1922,MFS,0.17,22000
1922,MFS,0.18,24000
1922,MFS,0.19,26000
1922,MFS,0.2,28000
1922,MFS,0.21,30000
1922,MFS,0.23,32000
1922,MFS,0.24,36000
1922,MFS,0.25,38000
1922,MFS,0.26,40000
1922,MFS,0.27,42000
1922,MFS,0.28,44000
1922,MFS,0.29,46000
1922,MFS,0.3,48000
1922,MFS,0.31,50000
1922,MFS,0.32,52000
1922,MFS,0.33,54000
1922,MFS,0.34,56000
1922,MFS,0.35,58000
1922,MFS,0.36,60000
1922,MFS,0.37,62000
1922,MFS,0.38,64000
1922,MFS,0.39,66000
1922,MFS,0.4,68000
1922,MFS,0.41,70000
1922,MFS,0.42,72000
1922,MFS,0.43,74000
1922,MFS,0.44,76000
1922,MFS,0.45,78000
1922,MFS,0.46,80000
1922,MFS,0.47,82000
1922,MFS,0.48,84000
1922,MFS,0.49,86000
1922,MFS,0.5,88000
1922,MFS,0.51,90000
1922,MFS,0.52,92000
1922,MFS,0.53,94000
1922,MFS,0.54,96000
1922,MFS,0.55,98000
1922,MFS,0.56,100000
1922,MFS,0.57,150000
1922,MFS,0.58,200000
1922,S,0.04,0
1922,S,0.08,4000
1922,S,0.09,6000
1922,S,0.1,10000
1922,S,0.11,12000
1922,S,0.12,14000
1922,S,0.13,16000
1922,S,0.14,18000
1922,S,0.16,20000
1922,S,0.17,22000
1922,S,0.18,24000
1922,S,0.19,26000
1922,S,0.2,28000
1922,S,0.21,30000
1922,S,0.23,32000
1922,S,0.24,36000
1922,S,0.25,38000
1922,S,0.26,40000
1922,S,0.27,42000
1922,S,0.28,44000
1922,S,0.29,46000
1922,S,0.3,48000
1922,S,0.31,50000
1922,S,0.32,52000
1922,S,0.33,54000
1922,S,0.34,56000
1922,S,0.35,58000
1922,S,0.36,60000
1922,S,0.37,62000
1922,S,0.38,64000
1922,S,0.39,66000
1922,S,0.4,68000
1922,S,0.41,70000
1922,S,0.42,72000
1922,S,0.43,74000
1922,S,0.44,76000
1922,S,0.45,78000
1922,S,0.46,80000
1922,S,0.47,82000
1922,S,0.48,84000
1922,S,0.49,86000
1922,S,0.5,88000
1922,S,0.51,90000
1922,S,0.52,92000
1922,S,0.53,94000
1922,S,0.54,96000
1922,S,0.55,98000
1922,S,0.56,100000
1922,S,0.57,150000
1922,S,0.58,200000
1921,HOH,0.04,0
1921,HOH,0.08,4000
1921,HOH,0.09,5000
1921,HOH,0.1,6000
1921,HOH,0.11,8000
1921,HOH,0.12,10000
1921,HOH,0.13,12000
1921,HOH,0.14,14000
1921,HOH,0.15,16000
1921,HOH,0.16,18000
1921,HOH,0.17,20000
1921,HOH,0.18,22000
1921,HOH,0.19,24000
1921,HOH,0.2,26000
1921,HOH,0.21,28000
1921,HOH,0.22,30000
1921,HOH,0.23,32000
1921,HOH,0.24,34000
1921,HOH,0.25,36000
1921,HOH,0.26,38000
1921,HOH,0.27,40000
1921,HOH,0.28,42000
1921,HOH,0.29,44000
1921,HOH,0.3,46000
1921,HOH,0.31,48000
1921,HOH,0.32,50000
1921,HOH,0.33,52000
1921,HOH,0.34,54000
1921,HOH,0.35,56000
1921,HOH,0.36,58000
1921,HOH,0.37,60000
1921,HOH,0.38,62000
1921,HOH,0.39,64000
1921,HOH,0.4,66000
1921,HOH,0.41,68000
1921,HOH,0.42,70000
1921,HOH,0.43,72000
1921,HOH,0.44,74000
1921,HOH,0.45,76000
1921,HOH,0.46,78000
1921,HOH,0.47,80000
1921,HOH,0.48,82000
1921,HOH,0.49,84000
1921,HOH,0.5,86000
1921,HOH,0.51,88000
1921,HOH,0.52,90000
1921,HOH,0.53,92000
1921,HOH,0.54,94000
1921,HOH,0.55,96000
1921,HOH,0.56,98000
1921,HOH,0.6,100000
1921,HOH,0.64,150000
1921,HOH,0.68,200000
1921,HOH,0.71,300000
1921,HOH,0.72,500000
1921,HOH,0.73,1000000
1921,MFJ,0.04,0
1921,MFJ,0.08,4000
1921,MFJ,0.09,5000
1921,MFJ,0.1,6000
1921,MFJ,0.11,8000
1921,MFJ,0.12,10000
1921,MFJ,0.13,12000
1921,MFJ,0.14,14000
1921,MFJ,0.15,16000
1921,MFJ,0.16,18000
1921,MFJ,0.17,20000
1921,MFJ,0.18,22000
1921,MFJ,0.19,24000
1921,MFJ,0.2,26000
1921,MFJ,0.21,28000
1921,MFJ,0.22,30000
1921,MFJ,0.23,32000
1921,MFJ,0.24,34000
1921,MFJ,0.25,36000
1921,MFJ,0.26,38000
1921,MFJ,0.27,40000
1921,MFJ,0.28,42000
1921,MFJ,0.29,44000
1921,MFJ,0.3,46000
1921,MFJ,0.31,48000
1921,MFJ,0.32,50000
1921,MFJ,0.33,52000
1921,MFJ,0.34,54000
1921,MFJ,0.35,56000
1921,MFJ,0.36,58000
1921,MFJ,0.37,60000
1921,MFJ,0.38,62000
1921,MFJ,0.39,64000
1921,MFJ,0.4,66000
1921,MFJ,0.41,68000
1921,MFJ,0.42,70000
1921,MFJ,0.43,72000
1921,MFJ,0.44,74000
1921,MFJ,0.45,76000
1921,MFJ,0.46,78000
1921,MFJ,0.47,80000
1921,MFJ,0.48,82000
1921,MFJ,0.49,84000
1921,MFJ,0.5,86000
1921,MFJ,0.51,88000
1921,MFJ,0.52,90000
1921,MFJ,0.53,92000
1921,MFJ,0.54,94000
1921,MFJ,0.55,96000
1921,MFJ,0.56,98000
1921,MFJ,0.6,100000
1921,MFJ,0.64,150000
1921,MFJ,0.68,200000
1921,MFJ,0.71,300000
1921,MFJ,0.72,500000
1921,MFJ,0.73,1000000
1921,MFS,0.04,0
1921,MFS,0.08,4000
1921,MFS,0.09,5000
1921,MFS,0.1,6000
1921,MFS,0.11,8000
1921,MFS,0.12,10000
1921,MFS,0.13,12000
1921,MFS,0.14,14000
1921,MFS,0.15,16000
1921,MFS,0.16,18000
1921,MFS,0.17,20000
1921,MFS,0.18,22000
1921,MFS,0.19,24000
1921,MFS,0.2,26000
1921,MFS,0.21,28000
1921,MFS,0.22,30000
1921,MFS,0.23,32000
1921,MFS,0.24,34000
1921,MFS,0.25,36000
1921,MFS,0.26,38000
1921,MFS,0.27,40000
1921,MFS,0.28,42000
1921,MFS,0.29,44000
1921,MFS,0.3,46000
1921,MFS,0.31,48000
1921,MFS,0.32,50000
1921,MFS,0.33,52000
1921,MFS,0.34,54000
1921,MFS,0.35,56000
1921,MFS,0.36,58000
1921,MFS,0.37,60000
1921,MFS,0.38,62000
1921,MFS,0.39,64000
1921,MFS,0.4,66000
1921,MFS,0.41,68000
1921,MFS,0.42,70000
1921,MFS,0.43,72000
1921,MFS,0.44,74000
1921,MFS,0.45,76000
1921,MFS,0.46,78000
1921,MFS,0.47,80000
1921,MFS,0.48,82000
1921,MFS,0.49,84000
1921,MFS,0.5,86000
1921,MFS,0.51,88000
1921,MFS,0.52,90000
1921,MFS,0.53,92000
1921,MFS,0.54,94000
1921,MFS,0.55,96000
1921,MFS,0.56,98000
1921,MFS,0.6,100000
1921,MFS,0.64,150000
1921,MFS,0.68,200000
1921,MFS,0.71,300000
1921,MFS,0.72,500000
1921,MFS,0.73,1000000
1921,S,0.04,0
1921,S,0.08,4000
1921,S,0.09,5000
1921,S,0.1,6000
1921,S,0.11,8000
1921,S,0.12,10000
1921,S,0.13,12000
1921,S,0.14,14000
1921,S,0.15,16000
1921,S,0.16,18000
1921,S,0.17,20000
1921,S,0.18,22000
1921,S,0.19,24000
1921,S,0.2,26000
1921,S,0.21,28000
1921,S,0.22,30000
1921,S,0.23,32000
1921,S,0.24,34000
1921,S,0.25,36000
1921,S,0.26,38000
1921,S,0.27,40000
1921,S,0.28,42000
1921,S,0.29,44000
1921,S,0.3,46000
1921,S,0.31,48000
1921,S,0.32,50000
1921,S,0.33,52000
1921,S,0.34,54000
1921,S,0.35,56000
1921,S,0.36,58000
1921,S,0.37,60000
1921,S,0.38,62000
1921,S,0.39,64000
1921,S,0.4,66000
1921,S,0.41,68000
1921,S,0.42,70000
1921,S,0.43,72000
1921,S,0.44,74000
1921,S,0.45,76000
1921,S,0.46,78000
1921,S,0.47,80000
1921,S,0.48,82000
1921,S,0.49,84000
1921,S,0.5,86000
1921,S,0.51,88000
1921,S,0.52,90000
1921,S,0.53,92000
1921,S,0.54,94000
1921,S,0.55,96000
1921,S,0.56,98000
1921,S,0.6,100000
1921,S,0.64,150000
1921,S,0.68,200000
1921,S,0.71,300000
1921,S,0.72,500000
1921,S,0.73,1000000
1920,HOH,0.04,0
1920,HOH,0.08,4000
1920,HOH,0.09,5000
1920,HOH,0.1,6000
1920,HOH,0.11,8000
1920,HOH,0.12,10000
1920,HOH,0.13,12000
1920,HOH,0.14,14000
1920,HOH,0.15,16000
1920,HOH,0.16,18000
1920,HOH,0.17,20000
1920,HOH,0.18,22000
1920,HOH,0.19,24000
1920,HOH,0.2,26000
1920,HOH,0.21,28000
1920,HOH,0.22,30000
1920,HOH,0.23,32000
1920,HOH,0.24,34000
1920,HOH,0.25,36000
1920,HOH,0.26,38000
1920,HOH,0.27,40000
1920,HOH,0.28,42000
1920,HOH,0.29,44000
1920,HOH,0.3,46000
1920,HOH,0.31,48000
1920,HOH,0.32,50000
1920,HOH,0.33,52000
1920,HOH,0.34,54000
1920,HOH,0.35,56000
1920,HOH,0.36,58000
1920,HOH,0.37,60000
1920,HOH,0.38,62000
1920,HOH,0.39,64000
1920,HOH,0.4,66000
1920,HOH,0.41,68000
1920,HOH,0.42,70000
1920,HOH,0.43,72000
1920,HOH,0.44,74000
1920,HOH,0.45,76000
1920,HOH,0.46,78000
1920,HOH,0.47,80000
1920,HOH,0.48,82000
1920,HOH,0.49,84000
1920,HOH,0.5,86000
1920,HOH,0.51,88000
1920,HOH,0.52,90000
1920,HOH,0.53,92000
1920,HOH,0.54,94000
1920,HOH,0.55,96000
1920,HOH,0.56,98000
1920,HOH,0.6,100000
1920,HOH,0.64,150000
1920,HOH,0.68,200000
1920,HOH,0.71,300000
1920,HOH,0.72,500000
1920,HOH,0.73,1000000
1920,MFJ,0.04,0
1920,MFJ,0.08,4000
1920,MFJ,0.09,5000
1920,MFJ,0.1,6000
1920,MFJ,0.11,8000
1920,MFJ,0.12,10000
1920,MFJ,0.13,12000
1920,MFJ,0.14,14000
1920,MFJ,0.15,16000
1920,MFJ,0.16,18000
1920,MFJ,0.17,20000
1920,MFJ,0.18,22000
1920,MFJ,0.19,24000
1920,MFJ,0.2,26000
1920,MFJ,0.21,28000
1920,MFJ,0.22,30000
1920,MFJ,0.23,32000
1920,MFJ,0.24,34000
1920,MFJ,0.25,36000
1920,MFJ,0.26,38000
1920,MFJ,0.27,40000
1920,MFJ,0.28,42000
1920,MFJ,0.29,44000
1920,MFJ,0.3,46000
1920,MFJ,0.31,48000
1920,MFJ,0.32,50000
1920,MFJ,0.33,52000
1920,MFJ,0.34,54000
1920,MFJ,0.35,56000
1920,MFJ,0.36,58000
1920,MFJ,0.37,60000
1920,MFJ,0.38,62000
1920,MFJ,0.39,64000
1920,MFJ,0.4,66000
1920,MFJ,0.41,68000
1920,MFJ,0.42,70000
1920,MFJ,0.43,72000
1920,MFJ,0.44,74000
1920,MFJ,0.45,76000
1920,MFJ,0.46,78000
1920,MFJ,0.47,80000
1920,MFJ,0.48,82000
1920,MFJ,0.49,84000
1920,MFJ,0.5,86000
1920,MFJ,0.51,88000
1920,MFJ,0.52,90000
1920,MFJ,0.53,92000
1920,MFJ,0.54,94000
1920,MFJ,0.55,96000
1920,MFJ,0.56,98000
1920,MFJ,0.6,100000
1920,MFJ,0.64,150000
1920,MFJ,0.68,200000
1920,MFJ,0.71,300000
1920,MFJ,0.72,500000
1920,MFJ,0.73,1000000
1920,MFS,0.04,0
1920,MFS,0.08,4000
1920,MFS,0.09,5000
1920,MFS,0.1,6000
1920,MFS,0.11,8000
1920,MFS,0.12,10000
1920,MFS,0.13,12000
1920,MFS,0.14,14000
1920,MFS,0.15,16000
1920,MFS,0.16,18000
1920,MFS,0.17,20000
1920,MFS,0.18,22000
1920,MFS,0.19,24000
1920,MFS,0.2,26000
1920,MFS,0.21,28000
1920,MFS,0.22,30000
1920,MFS,0.23,32000
1920,MFS,0.24,34000
1920,MFS,0.25,36000
1920,MFS,0.26,38000
1920,MFS,0.27,40000
1920,MFS,0.28,42000
1920,MFS,0.29,44000
1920,MFS,0.3,46000
1920,MFS,0.31,48000
1920,MFS,0.32,50000
1920,MFS,0.33,52000
1920,MFS,0.34,54000
1920,MFS,0.35,56000
1920,MFS,0.36,58000
1920,MFS,0.37,60000
1920,MFS,0.38,62000
1920,MFS,0.39,64000
1920,MFS,0.4,66000
1920,MFS,0.41,68000
1920,MFS,0.42,70000
1920,MFS,0.43,72000
1920,MFS,0.44,74000
1920,MFS,0.45,76000
1920,MFS,0.46,78000
1920,MFS,0.47,80000
1920,MFS,0.48,82000
1920,MFS,0.49,84000
1920,MFS,0.5,86000
1920,MFS,0.51,88000
1920,MFS,0.52,90000
1920,MFS,0.53,92000
1920,MFS,0.54,94000
1920,MFS,0.55,96000
1920,MFS,0.56,98000
1920,MFS,0.6,100000
1920,MFS,0.64,150000
1920,MFS,0.68,200000
1920,MFS,0.71,300000
1920,MFS,0.72,500000
1920,MFS,0.73,1000000
1920,S,0.04,0
1920,S,0.08,4000
1920,S,0.09,5000
1920,S,0.1,6000
1920,S,0.11,8000
1920,S,0.12,10000
1920,S,0.13,12000
1920,S,0.14,14000
1920,S,0.15,16000
1920,S,0.16,18000
1920,S,0.17,20000
1920,S,0.18,22000
1920,S,0.19,24000
1920,S,0.2,26000
1920,S,0.21,28000
1920,S,0.22,30000
1920,S,0.23,32000
1920,S,0.24,34000
1920,S,0.25,36000
1920,S,0.26,38000
1920,S,0.27,40000
1920,S,0.28,42000
1920,S,0.29,44000
1920,S,0.3,46000
1920,S,0.31,48000
1920,S,0.32,50000
1920,S,0.33,52000
1920,S,0.34,54000
1920,S,0.35,56000
1920,S,0.36,58000
1920,S,0.37,60000
1920,S,0.38,62000
1920,S,0.39,64000
1920,S,0.4,66000
1920,S,0.41,68000
1920,S,0.42,70000
1920,S,0.43,72000
1920,S,0.44,74000
1920,S,0.45,76000
1920,S,0.46,78000
1920,S,0.47,80000
1920,S,0.48,82000
1920,S,0.49,84000
1920,S,0.5,86000
1920,S,0.51,88000
1920,S,0.52,90000
1920,S,0.53,92000
1920,S,0.54,94000
1920,S,0.55,96000
1920,S,0.56,98000
1920,S,0.6,100000
1920,S,0.64,150000
1920,S,0.68,200000
1920,S,0.71,300000
1920,S,0.72,500000
1920,S,0.73,1000000
1919,HOH,0.04,0
1919,HOH,0.08,4000
1919,HOH,0.09,5000
1919,HOH,0.1,6000
1919,HOH,0.11,8000
1919,HOH,0.12,10000
1919,HOH,0.13,12000
1919,HOH,0.14,14000
1919,HOH,0.15,16000
1919,HOH,0.16,18000
1919,HOH,0.17,20000
1919,HOH,0.18,22000
1919,HOH,0.19,24000
1919,HOH,0.2,26000
1919,HOH,0.21,28000
1919,HOH,0.22,30000
1919,HOH,0.23,32000
1919,HOH,0.24,34000
1919,HOH,0.25,36000
1919,HOH,0.26,38000
1919,HOH,0.27,40000
1919,HOH,0.28,42000
1919,HOH,0.29,44000
1919,HOH,0.3,46000
1919,HOH,0.31,48000
1919,HOH,0.32,50000
1919,HOH,0.33,52000
1919,HOH,0.34,54000
1919,HOH,0.35,56000
1919,HOH,0.36,58000
1919,HOH,0.37,60000
1919,HOH,0.38,62000
1919,HOH,0.39,64000
1919,HOH,0.4,66000
1919,HOH,0.41,68000
1919,HOH,0.42,70000
1919,HOH,0.43,72000
1919,HOH,0.44,74000
1919,HOH,0.45,76000
1919,HOH,0.46,78000
1919,HOH,0.47,80000
1919,HOH,0.48,82000
1919,HOH,0.49,84000
1919,HOH,0.5,86000
1919,HOH,0.51,88000
1919,HOH,0.52,90000
1919,HOH,0.53,92000
1919,HOH,0.54,94000
1919,HOH,0.55,96000
1919,HOH,0.56,98000
1919,HOH,0.6,100000
1919,HOH,0.64,150000
1919,HOH,0.68,200000
1919,HOH,0.71,300000
1919,HOH,0.72,500000
1919,HOH,0.73,1000000
1919,MFJ,0.04,0
1919,MFJ,0.08,4000
1919,MFJ,0.09,5000
1919,MFJ,0.1,6000
1919,MFJ,0.11,8000
1919,MFJ,0.12,10000
1919,MFJ,0.13,12000
1919,MFJ,0.14,14000
1919,MFJ,0.15,16000
1919,MFJ,0.16,18000
1919,MFJ,0.17,20000
1919,MFJ,0.18,22000
1919,MFJ,0.19,24000
1919,MFJ,0.2,26000
1919,MFJ,0.21,28000
1919,MFJ,0.22,30000
1919,MFJ,0.23,32000
1919,MFJ,0.24,34000
1919,MFJ,0.25,36000
1919,MFJ,0.26,38000
1919,MFJ,0.27,40000
1919,MFJ,0.28,42000
1919,MFJ,0.29,44000
1919,MFJ,0.3,46000
1919,MFJ,0.31,48000
1919,MFJ,0.32,50000
1919,MFJ,0.33,52000
1919,MFJ,0.34,54000
1919,MFJ,0.35,56000
1919,MFJ,0.36,58000
1919,MFJ,0.37,60000
1919,MFJ,0.38,62000
1919,MFJ,0.39,64000
1919,MFJ,0.4,66000
1919,MFJ,0.41,68000
1919,MFJ,0.42,70000
1919,MFJ,0.43,72000
1919,MFJ,0.44,74000
1919,MFJ,0.45,76000
1919,MFJ,0.46,78000
1919,MFJ,0.47,80000
1919,MFJ,0.48,82000
1919,MFJ,0.49,84000
1919,MFJ,0.5,86000
1919,MFJ,0.51,88000
1919,MFJ,0.52,90000
1919,MFJ,0.53,92000
1919,MFJ,0.54,94000
1919,MFJ,0.55,96000
1919,MFJ,0.56,98000
1919,MFJ,0.6,100000
1919,MFJ,0.64,150000
1919,MFJ,0.68,200000
1919,MFJ,0.71,300000
1919,MFJ,0.72,500000
1919,MFJ,0.73,1000000
1919,MFS,0.04,0
1919,MFS,0.08,4000
1919,MFS,0.09,5000
1919,MFS,0.1,6000
1919,MFS,0.11,8000
1919,MFS,0.12,10000
1919,MFS,0.13,12000
1919,MFS,0.14,14000
1919,MFS,0.15,16000
1919,MFS,0.16,18000
1919,MFS,0.17,20000
1919,MFS,0.18,22000
1919,MFS,0.19,24000
1919,MFS,0.2,26000
1919,MFS,0.21,28000
1919,MFS,0.22,30000
1919,MFS,0.23,32000
1919,MFS,0.24,34000
1919,MFS,0.25,36000
1919,MFS,0.26,38000
1919,MFS,0.27,40000
1919,MFS,0.28,42000
1919,MFS,0.29,44000
1919,MFS,0.3,46000
1919,MFS,0.31,48000
1919,MFS,0.32,50000
1919,MFS,0.33,52000
1919,MFS,0.34,54000
1919,MFS,0.35,56000
1919,MFS,0.36,58000
1919,MFS,0.37,60000
1919,MFS,0.38,62000
1919,MFS,0.39,64000
1919,MFS,0.4,66000
1919,MFS,0.41,68000
1919,MFS,0.42,70000
1919,MFS,0.43,72000
1919,MFS,0.44,74000
1919,MFS,0.45,76000
1919,MFS,0.46,78000
1919,MFS,0.47,80000
1919,MFS,0.48,82000
1919,MFS,0.49,84000
1919,MFS,0.5,86000
1919,MFS,0.51,88000
1919,MFS,0.52,90000
1919,MFS,0.53,92000
1919,MFS,0.54,94000
1919,MFS,0.55,96000
1919,MFS,0.56,98000
1919,MFS,0.6,100000
1919,MFS,0.64,150000
1919,MFS,0.68,200000
1919,MFS,0.71,300000
1919,MFS,0.72,500000
1919,MFS,0.73,1000000
1919,S,0.04,0
1919,S,0.08,4000
1919,S,0.09,5000
1919,S,0.1,6000
1919,S,0.11,8000
1919,S,0.12,10000
1919,S,0.13,12000
1919,S,0.14,14000
1919,S,0.15,16000
1919,S,0.16,18000
1919,S,0.17,20000
1919,S,0.18,22000
1919,S,0.19,24000
1919,S,0.2,26000
1919,S,0.21,28000
1919,S,0.22,30000
1919,S,0.23,32000
1919,S,0.24,34000
1919,S,0.25,36000
1919,S,0.26,38000
1919,S,0.27,40000
1919,S,0.28,42000
1919,S,0.29,44000
1919,S,0.3,46000
1919,S,0.31,48000
1919,S,0.32,50000
1919,S,0.33,52000
1919,S,0.34,54000
1919,S,0.35,56000
1919,S,0.36,58000
1919,S,0.37,60000
1919,S,0.38,62000
1919,S,0.39,64000
1919,S,0.4,66000
1919,S,0.41,68000
1919,S,0.42,70000
1919,S,0.43,72000
1919,S,0.44,74000
1919,S,0.45,76000
1919,S,0.46,78000
1919,S,0.47,80000
1919,S,0.48,82000
1919,S,0.49,84000
1919,S,0.5,86000
1919,S,0.51,88000
1919,S,0.52,90000
1919,S,0.53,92000
1919,S,0.54,94000
1919,S,0.55,96000
1919,S,0.56,98000
1919,S,0.6,100000
1919,S,0.64,150000
1919,S,0.68,200000
1919,S,0.71,300000
1919,S,0.72,500000
1919,S,0.73,1000000
1918,HOH,0.06,0
1918,HOH,0.12,4000
1918,HOH,0.13,5000
1918,HOH,0.14,6000
1918,HOH,0.15,8000
1918,HOH,0.16,10000
1918,HOH,0.17,12000
1918,HOH,0.18,14000
1918,HOH,0.19,16000
1918,HOH,0.2,18000
1918,HOH,0.21,20000
1918,HOH,0.22,22000
1918,HOH,0.23,24000
1918,HOH,0.24,26000
1918,HOH,0.25,28000
1918,HOH,0.26,30000
1918,HOH,0.27,32000
1918,HOH,0.28,34000
1918,HOH,0.29,36000
1918,HOH,0.3,38000
1918,HOH,0.31,40000
1918,HOH,0.32,42000
1918,HOH,0.33,44000
1918,HOH,0.34,46000
1918,HOH,0.35,48000
1918,HOH,0.36,50000
1918,HOH,0.37,52000
1918,HOH,0.38,54000
1918,HOH,0.39,56000
1918,HOH,0.4,58000
1918,HOH,0.41,60000
1918,HOH,0.42,62000
1918,HOH,0.43,64000
1918,HOH,0.44,66000
1918,HOH,0.45,68000
1918,HOH,0.46,70000
1918,HOH,0.47,72000
1918,HOH,0.48,74000
1918,HOH,0.49,76000
1918,HOH,0.5,78000
1918,HOH,0.51,80000
1918,HOH,0.52,82000
1918,HOH,0.53,84000
1918,HOH,0.54,86000
1918,HOH,0.55,88000
1918,HOH,0.56,90000
1918,HOH,0.57,92000
1918,HOH,0.58,94000
1918,HOH,0.59,96000
1918,HOH,0.6,98000
1918,HOH,0.64,100000
1918,HOH,0.68,150000
1918,HOH,0.72,200000
1918,HOH,0.75,300000
1918,HOH,0.76,500000
1918,HOH,0.77,1000000
1918,MFJ,0.06,0
1918,MFJ,0.12,4000
1918,MFJ,0.13,5000
1918,MFJ,0.14,6000
1918,MFJ,0.15,8000
1918,MFJ,0.16,10000
1918,MFJ,0.17,12000
1918,MFJ,0.18,14000
1918,MFJ,0.19,16000
1918,MFJ,0.2,18000
1918,MFJ,0.21,20000
1918,MFJ,0.22,22000
1918,MFJ,0.23,24000
1918,MFJ,0.24,26000
1918,MFJ,0.25,28000
1918,MFJ,0.26,30000
1918,MFJ,0.27,32000
1918,MFJ,0.28,34000
1918,MFJ,0.29,36000
1918,MFJ,0.3,38000
1918,MFJ,0.31,40000
1918,MFJ,0.32,42000
1918,MFJ,0.33,44000
1918,MFJ,0.34,46000
1918,MFJ,0.35,48000
1918,MFJ,0.36,50000
1918,MFJ,0.37,52000
1918,MFJ,0.38,54000
1918,MFJ,0.39,56000
1918,MFJ,0.4,58000
1918,MFJ,0.41,60000
1918,MFJ,0.42,62000
1918,MFJ,0.43,64000
1918,MFJ,0.44,66000
1918,MFJ,0.45,68000
1918,MFJ,0.46,70000
1918,MFJ,0.47,72000
1918,MFJ,0.48,74000
1918,MFJ,0.49,76000
1918,MFJ,0.5,78000
1918,MFJ,0.51,80000
1918,MFJ,0.52,82000
1918,MFJ,0.53,84000
1918,MFJ,0.54,86000
1918,MFJ,0.55,88000
1918,MFJ,0.56,90000
1918,MFJ,0.57,92000
1918,MFJ,0.58,94000
1918,MFJ,0.59,96000
1918,MFJ,0.6,98000
1918,MFJ,0.64,100000
1918,MFJ,0.68,150000
1918,MFJ,0.72,200000
1918,MFJ,0.75,300000
1918,MFJ,0.76,500000
1918,MFJ,0.77,1000000
1918,MFS,0.06,0
1918,MFS,0.12,4000
1918,MFS,0.13,5000
1918,MFS,0.14,6000
1918,MFS,0.15,8000
1918,MFS,0.16,10000
1918,MFS,0.17,12000
1918,MFS,0.18,14000
1918,MFS,0.19,16000
1918,MFS,0.2,18000
1918,MFS,0.21,20000
1918,MFS,0.22,22000
1918,MFS,0.23,24000
1918,MFS,0.24,26000
1918,MFS,0.25,28000
1918,MFS,0.26,30000
1918,MFS,0.27,32000
1918,MFS,0.28,34000
1918,MFS,0.29,36000
1918,MFS,0.3,38000
1918,MFS,0.31,40000
1918,MFS,0.32,42000
1918,MFS,0.33,44000
1918,MFS,0.34,46000
1918,MFS,0.35,48000
1918,MFS,0.36,50000
1918,MFS,0.37,52000
1918,MFS,0.38,54000
1918,MFS,0.39,56000
1918,MFS,0.4,58000
1918,MFS,0.41,60000
1918,MFS,0.42,62000
1918,MFS,0.43,64000
1918,MFS,0.44,66000
1918,MFS,0.45,68000
1918,MFS,0.46,70000
1918,MFS,0.47,72000
1918,MFS,0.48,74000
1918,MFS,0.49,76000
1918,MFS,0.5,78000
1918,MFS,0.51,80000
1918,MFS,0.52,82000
1918,MFS,0.53,84000
1918,MFS,0.54,86000
1918,MFS,0.55,88000
1918,MFS,0.56,90000
1918,MFS,0.57,92000
1918,MFS,0.58,94000
1918,MFS,0.59,96000
1918,MFS,0.6,98000
1918,MFS,0.64,100000
1918,MFS,0.68,150000
1918,MFS,0.72,200000
1918,MFS,0.75,300000
1918,MFS,0.76,500000
1918,MFS,0.77,1000000
1918,S,0.06,0
1918,S,0.12,4000
1918,S,0.13,5000
1918,S,0.14,6000
1918,S,0.15,8000
1918,S,0.16,10000
1918,S,0.17,12000
1918,S,0.18,14000
1918,S,0.19,16000
1918,S,0.2,18000
1918,S,0.21,20000
1918,S,0.22,22000
1918,S,0.23,24000
1918,S,0.24,26000
1918,S,0.25,28000
1918,S,0.26,30000
1918,S,0.27,32000
1918,S,0.28,34000
1918,S,0.29,36000
1918,S,0.3,38000
1918,S,0.31,40000
1918,S,0.32,42000
1918,S,0.33,44000
1918,S,0.34,46000
1918,S,0.35,48000
1918,S,0.36,50000
1918,S,0.37,52000
1918,S,0.38,54000
1918,S,0.39,56000
1918,S,0.4,58000
1918,S,0.41,60000
1918,S,0.42,62000
1918,S,0.43,64000
1918,S,0.44,66000
1918,S,0.45,68000
1918,S,0.46,70000
1918,S,0.47,72000
1918,S,0.48,74000
1918,S,0.49,76000
1918,S,0.5,78000
1918,S,0.51,80000
1918,S,0.52,82000
1918,S,0.53,84000
1918,S,0.54,86000
1918,S,0.55,88000
1918,S,0.56,90000
1918,S,0.57,92000
1918,S,0.58,94000
1918,S,0.59,96000
1918,S,0.6,98000
1918,S,0.64,100000
1918,S,0.68,150000
1918,S,0.72,200000
1918,S,0.75,300000
1918,S,0.76,500000
1918,S,0.77,1000000
1917,HOH,0.02,0
1917,HOH,0.04,2000
1917,HOH,0.05,5000
1917,HOH,0.06,7500
1917,HOH,0.07,10000
1917,HOH,0.08,12500
1917,HOH,0.09,15000
1917,HOH,0.12,20000
1917,HOH,0.16,40000
1917,HOH,0.21,60000
1917,HOH,0.26,80000
1917,HOH,0.31,100000
1917,HOH,0.35,150000
1917,HOH,0.41,200000
1917,HOH,0.46,250000
1917,HOH,0.5,300000
1917,HOH,0.54,500000
1917,HOH,0.59,750000
1917,HOH,0.65,1000000
1917,HOH,0.66,1500000
1917,HOH,0.67,2000000
1917,MFJ,0.02,0
1917,MFJ,0.04,2000
1917,MFJ,0.05,5000
1917,MFJ,0.06,7500
1917,MFJ,0.07,10000
1917,MFJ,0.08,12500
1917,MFJ,0.09,15000
1917,MFJ,0.12,20000
1917,MFJ,0.16,40000
1917,MFJ,0.21,60000
1917,MFJ,0.26,80000
1917,MFJ,0.31,100000
1917,MFJ,0.35,150000
1917,MFJ,0.41,200000
1917,MFJ,0.46,250000
1917,MFJ,0.5,300000
1917,MFJ,0.54,500000
1917,MFJ,0.59,750000
1917,MFJ,0.65,1000000
1917,MFJ,0.66,1500000
1917,MFJ,0.67,2000000
1917,MFS,0.02,0
1917,MFS,0.04,2000
1917,MFS,0.05,5000
1917,MFS,0.06,7500
1917,MFS,0.07,10000
1917,MFS,0.08,12500
1917,MFS,0.09,15000
1917,MFS,0.12,20000
1917,MFS,0.16,40000
1917,MFS,0.21,60000
1917,MFS,0.26,80000
1917,MFS,0.31,100000
1917,MFS,0.35,150000
1917,MFS,0.41,200000
1917,MFS,0.46,250000
1917,MFS,0.5,300000
1917,MFS,0.54,500000
1917,MFS,0.59,750000
1917,MFS,0.65,1000000
1917,MFS,0.66,1500000
1917,MFS,0.67,2000000
1917,S,0.02,0
1917,S,0.04,2000
1917,S,0.05,5000
1917,S,0.06,7500
1917,S,0.07,10000
1917,S,0.08,12500
1917,S,0.09,15000
1917,S,0.12,20000
1917,S,0.16,40000
1917,S,0.21,60000
1917,S,0.26,80000
1917,S,0.31,100000
1917,S,0.35,150000
1917,S,0.41,200000
1917,S,0.46,250000
1917,S,0.5,300000
1917,S,0.54,500000
1917,S,0.59,750000
1917,S,0.65,1000000
1917,S,0.66,1500000
1917,S,0.67,2000000
1916,HOH,0.02,0
1916,HOH,0.03,20000
1916,HOH,0.04,40000
1916,HOH,0.05,60000
1916,HOH,0.06,80000
1916,HOH,0.07,100000
1916,HOH,0.08,150000
1916,HOH,0.09,200000
1916,HOH,0.1,250000
1916,HOH,0.11,300000
1916,HOH,0.12,500000
1916,HOH,0.13,1000000
1916,HOH,0.14,1500000
1916,HOH,0.15,2000000
1916,MFJ,0.02,0
1916,MFJ,0.03,20000
1916,MFJ,0.04,40000
1916,MFJ,0.05,60000
1916,MFJ,0.06,80000
1916,MFJ,0.07,100000
1916,MFJ,0.08,150000
1916,MFJ,0.09,200000
1916,MFJ,0.1,250000
1916,MFJ,0.11,300000
1916,MFJ,0.12,500000
1916,MFJ,0.13,1000000
1916,MFJ,0.14,1500000
1916,MFJ,0.15,2000000
1916,MFS,0.02,0
1916,MFS,0.03,20000
1916,MFS,0.04,40000
1916,MFS,0.05,60000
1916,MFS,0.06,80000
1916,MFS,0.07,100000
1916,MFS,0.08,150000
1916,MFS,0.09,200000
1916,MFS,0.1,250000
1916,MFS,0.11,300000
1916,MFS,0.12,500000
1916,MFS,0.13,1000000
1916,MFS,0.14,1500000
1916,MFS,0.15,2000000
1916,S,0.02,0
1916,S,0.03,20000
1916,S,0.04,40000
1916,S,0.05,60000
1916,S,0.06,80000
1916,S,0.07,100000
1916,S,0.08,150000
1916,S,0.09,200000
1916,S,0.1,250000
1916,S,0.11,300000
1916,S,0.12,500000
1916,S,0.13,1000000
1916,S,0.14,1500000
1916,S,0.15,2000000
1915,HOH,0.01,0
1915,HOH,0.02,20000
1915,HOH,0.03,50000
1915,HOH,0.04,75000
1915,HOH,0.05,100000
1915,HOH,0.06,250000
1915,HOH,0.07,500000
1915,MFJ,0.01,0
1915,MFJ,0.02,20000
1915,MFJ,0.03,50000
1915,MFJ,0.04,75000
1915,MFJ,0.05,100000
1915,MFJ,0.06,250000
1915,MFJ,0.07,500000
1915,MFS,0.01,0
1915,MFS,0.02,20000
1915,MFS,0.03,50000
1915,MFS,0.04,75000
1915,MFS,0.05,100000
1915,MFS,0.06,250000
1915,MFS,0.07,500000
1915,S,0.01,0
1915,S,0.02,20000
1915,S,0.03,50000
1915,S,0.04,75000
1915,S,0.05,100000
1915,S,0.06,250000
1915,S,0.07,500000
1914,HOH,0.01,0
1914,HOH,0.02,20000
1914,HOH,0.03,50000
1914,HOH,0.04,75000
1914,HOH,0.05,100000
1914,HOH,0.06,250000
1914,HOH,0.07,500000
1914,MFJ,0.01,0
1914,MFJ,0.02,20000
1914,MFJ,0.03,50000
1914,MFJ,0.04,75000
1914,MFJ,0.05,100000
1914,MFJ,0.06,250000
1914,MFJ,0.07,500000
1914,MFS,0.01,0
1914,MFS,0.02,20000
1914,MFS,0.03,50000
1914,MFS,0.04,75000
1914,MFS,0.05,100000
1914,MFS,0.06,250000
1914,MFS,0.07,500000
1914,S,0.01,0
1914,S,0.02,20000
1914,S,0.03,50000
1914,S,0.04,75000
1914,S,0.05,100000
1914,S,0.06,250000
1914,S,0.07,500000
1913,HOH,0.01,0
1913,HOH,0.02,20000
1913,HOH,0.03,50000
1913,HOH,0.04,75000
1913,HOH,0.05,100000
1913,HOH,0.06,250000
1913,HOH,0.07,500000
1913,MFJ,0.01,0
1913,MFJ,0.02,20000
1913,MFJ,0.03,50000
1913,MFJ,0.04,75000
1913,MFJ,0.05,100000
1913,MFJ,0.06,250000
1913,MFJ,0.07,500000
1913,MFS,0.01,0
1913,MFS,0.02,20000
1913,MFS,0.03,50000
1913,MFS,0.04,75000
1913,MFS,0.05,100000
1913,MFS,0.06,250000
1913,MFS,0.07,500000
1913,S,0.01,0
1913,S,0.02,20000
1913,S,0.03,50000
1913,S,0.04,75000
1913,S,0.05,100000
1913,S,0.06,250000
1913,S,0.07,500000